screen_name,topic
AustralianOpen,Tournament
AustralianOpen,SocietalEvent
AustralianOpen,SportsEvent
CNN,TelevisionStation
CNN,Broadcaster
cnnbrk,TelevisionStation
cnnbrk,Broadcaster
BBCWorld,TelevisionStation
BBCWorld,Broadcaster
espn,TelevisionStation
espn,Broadcaster
MSNBC,TelevisionStation
MSNBC,Broadcaster
FoxNews,TelevisionStation
FoxNews,Broadcaster
OANN,TelevisionStation
OANN,Broadcaster
CNNPolitics,TelevisionStation
CNNPolitics,Broadcaster
cnni,TelevisionStation
cnni,Broadcaster
cspan,TelevisionStation
cspan,Broadcaster
nflnetwork,TelevisionStation
nflnetwork,Broadcaster
weatherchannel,TelevisionStation
weatherchannel,Broadcaster
ESPNNFL,TelevisionStation
ESPNNFL,Broadcaster
CNBC,TelevisionStation
CNBC,Broadcaster
MTV,TelevisionStation
MTV,Broadcaster
enews,TelevisionStation
enews,Broadcaster
Discovery,TelevisionStation
Discovery,Broadcaster
ESPNStatsInfo,TelevisionStation
ESPNStatsInfo,Broadcaster
FoodNetwork,TelevisionStation
FoodNetwork,Broadcaster
NBATV,TelevisionStation
NBATV,Broadcaster
adultswim,TelevisionStation
adultswim,Broadcaster
nbc,TelevisionStation
nbc,Broadcaster
nbc,BroadcastNetwork
ComedyCentral,TelevisionStation
ComedyCentral,Broadcaster
BlazeTV,TelevisionStation
BlazeTV,Broadcaster
FoxBusiness,TelevisionStation
FoxBusiness,Broadcaster
eentertainment,TelevisionStation
eentertainment,Broadcaster
CBS,TelevisionStation
CBS,Broadcaster
CBS,BroadcastNetwork
foxnewspolitics,TelevisionStation
foxnewspolitics,Broadcaster
Nickelodeon,TelevisionStation
Nickelodeon,Broadcaster
AnimalPlanet,TelevisionStation
AnimalPlanet,Broadcaster
FOXTV,TelevisionStation
FOXTV,Broadcaster
FOXTV,BroadcastNetwork
ABCNetwork,TelevisionStation
ABCNetwork,BroadcastNetwork
hgtv,TelevisionStation
travelchannel,TelevisionStation
nbcwashington,TelevisionStation
ABC7NY,TelevisionStation
tcm,TelevisionStation
austinfilmfest,Film
BillNye,Scientist
jordanbpeterson,Scientist
VitalikButerin,Scientist
ReedTimmerAccu,Scientist
michiokaku,Scientist
sapinker,Scientist
VPrasadMDMPH,Scientist
BadAstronomer,Scientist
JonHaidt,Scientist
KHayhoe,Scientist
CT_Bergstrom,Scientist
JaneGoodallInst,Scientist
IBJIYONGI,Scientist
karpathy,Scientist
DrPhilGoff,Scientist
bgreene,Scientist
BigJoeBastardi,Scientist
ayanaeliza,Scientist
gorskon,Scientist
NickSzabo4,Scientist
mattblaze,Scientist
elakdawalla,Scientist
AmarAmarasingam,Scientist
harari_yuval,Scientist
mikamckinnon,Scientist
profvrr,Scientist
R_Thaler,Scientist
SylviaEarle,Scientist
DrKateMarvel,Scientist
el33th4xor,Scientist
penguinusa,Publisher
HolocaustMuseum,Museum
ncwhm,Museum
DesignMuseum,Museum
PenguinUKBooks,Publisher
TheGarden,Venue
vangoghmuseum,Museum
NASAAmes,GovernmentAgency
NASAArmstrong,GovernmentAgency
IMS,Place
Sept11Memorial,Place
theryman,Venue
yadvashem,Museum
ConstitutionCtr,Museum
CitiField,Venue
newmuseum,Museum
TheFranklin,Museum
LincolnCenter,Venue
newbeverly,Venue
IntlSpyMuseum,Museum
NHL,Sport
NHL,SportsLeague
TheAHL,SportsLeague
ECHL,SportsLeague
USHL,SportsLeague
NFL,Sport
NFL,SportsLeague
MLB,Sport
MLB,SportsLeague
Yankees,Sport
Yankees,BaseballTeam
Yankees,SportsTeam
Patriots,Sport
Patriots,AmericanFootballTeam
Patriots,SportsTeam
warriors,Sport
warriors,BasketballTeam
warriors,SportsTeam
premierleague,Sport
premierleague,SportsLeague
steelers,Sport
steelers,AmericanFootballTeam
steelers,SportsTeam
Eagles,Sport
Eagles,AmericanFootballTeam
Eagles,SportsTeam
RedSox,Sport
RedSox,BaseballTeam
RedSox,SportsTeam
Giants,Sport
Giants,AmericanFootballTeam
Giants,SportsTeam
FaZeClan,Sport
celtics,Sport
celtics,BasketballTeam
celtics,SportsTeam
PGATOUR,Sport
PGATOUR,SportsLeague
packers,Sport
packers,AmericanFootballTeam
packers,SportsTeam
Mets,Sport
Mets,BaseballTeam
Mets,SportsTeam
Chiefs,Sport
Chiefs,AmericanFootballTeam
Chiefs,SportsTeam
Cubs,Sport
Cubs,BaseballTeam
Cubs,SportsTeam
Dodgers,Sport
Dodgers,BaseballTeam
Dodgers,SportsTeam
nyknicks,Sport
nyknicks,BasketballTeam
nyknicks,SportsTeam
Braves,Sport
Braves,BaseballTeam
Braves,SportsTeam
chicagobulls,Sport
chicagobulls,BasketballTeam
chicagobulls,SportsTeam
Panthers,Sport
Panthers,AmericanFootballTeam
Panthers,SportsTeam
MiamiHEAT,Sport
MiamiHEAT,BasketballTeam
MiamiHEAT,SportsTeam
ManUtd,Sport
ManUtd,SportsClub
Broncos,Sport
Broncos,AmericanFootballTeam
Broncos,SportsTeam
49ers,Sport
49ers,AmericanFootballTeam
49ers,SportsTeam
Browns,Sport
Browns,AmericanFootballTeam
Browns,SportsTeam
Ravens,Sport
Ravens,AmericanFootballTeam
Ravens,SportsTeam
Saints,Sport
Saints,AmericanFootballTeam
Saints,SportsTeam
Seahawks,Sport
Seahawks,AmericanFootballTeam
Seahawks,SportsTeam
Raiders,Sport
Raiders,AmericanFootballTeam
Raiders,SportsTeam
TheMasters,Sport
TheMasters,Tournament
TheMasters,SocietalEvent
TheMasters,SportsEvent
cavs,Sport
cavs,BasketballTeam
cavs,SportsTeam
ChicagoBears,Sport
ChicagoBears,AmericanFootballTeam
ChicagoBears,SportsTeam
Bengals,Sport
Bengals,AmericanFootballTeam
Bengals,SportsTeam
Buccaneers,Sport
Buccaneers,AmericanFootballTeam
Buccaneers,SportsTeam
starbomb,Band
HuffPostVideo,BroadcastNetwork
rihanna,Musical
rihanna,Artist
rihanna,MusicalArtist
kanyewest,Musical
kanyewest,Artist
kanyewest,MusicalArtist
LilNasX,Musical
LilNasX,Artist
taylorswift13,Musical
taylorswift13,Artist
taylorswift13,MusicalArtist
ArianaGrande,Musical
ArianaGrande,Artist
ArianaGrande,MusicalArtist
theestallion,Musical
theestallion,Artist
theestallion,MusicalArtist
SnoopDogg,Musical
SnoopDogg,Artist
SnoopDogg,MusicalArtist
NICKIMINAJ,Musical
NICKIMINAJ,Artist
NICKIMINAJ,MusicalArtist
katyperry,Musical
katyperry,Artist
katyperry,MusicalArtist
jtimberlake,Musical
jtimberlake,Artist
jtimberlake,MusicalArtist
BetteMidler,Musical
BetteMidler,Artist
BetteMidler,MusicalArtist
johnlegend,Musical
johnlegend,Artist
johnlegend,MusicalArtist
kendricklamar,Musical
kendricklamar,Artist
kendricklamar,MusicalArtist
Eminem,Musical
Eminem,Artist
Eminem,MusicalArtist
MileyCyrus,Musical
MileyCyrus,Artist
MileyCyrus,MusicalArtist
wizkhalifa,Musical
wizkhalifa,Artist
wizkhalifa,MusicalArtist
britneyspears,Musical
britneyspears,Artist
britneyspears,MusicalArtist
theweeknd,Musical
theweeknd,Artist
theweeknd,MusicalArtist
selenagomez,Musical
selenagomez,Artist
selenagomez,MusicalArtist
justinbieber,Musical
justinbieber,Artist
justinbieber,MusicalArtist
cher,Musical
cher,Artist
cher,MusicalArtist
sza,Musical
sza,Artist
sza,MusicalArtist
FINALLEVEL,Musical
FINALLEVEL,Artist
FINALLEVEL,MusicalArtist
chrisbrown,Musical
chrisbrown,Artist
chrisbrown,MusicalArtist
MeekMill,Musical
MeekMill,Artist
MeekMill,MusicalArtist
ddlovato,Musical
ddlovato,Artist
ddlovato,MusicalArtist
trvisXX,Musical
trvisXX,Artist
trvisXX,MusicalArtist
DojaCat,Musical
DojaCat,Artist
DojaCat,MusicalArtist
PostMalone,Musical
PostMalone,MusicalArtist
Beyonce,Musical
Beyonce,MusicalArtist
Adele,Musical
Adele,MusicalArtist
aliciakeys,Musical
aliciakeys,MusicalArtist
LILUZIVERT,Musical
LILUZIVERT,MusicalArtist
lizzo,Musical
lizzo,MusicalArtist
icecube,Musical
icecube,MusicalArtist
Harry_Styles,Musical
Harry_Styles,MusicalArtist
50cent,Musical
50cent,MusicalArtist
BigSean,Musical
BigSean,MusicalArtist
gucci1017,Musical
gucci1017,MusicalArtist
Diddy,Musical
Diddy,MusicalArtist
RealKidPoker,PokerPlayer
phil_hellmuth,PokerPlayer
TexDolly,PokerPlayer
AnnieDuke,PokerPlayer
VanessaRousso,PokerPlayer
PhilGalfond,PokerPlayer
CMONEYMAKER,PokerPlayer
REALJenHarman,PokerPlayer
BrokeLivingJRB,PokerPlayer
barrygreenstein,PokerPlayer
junglemandan,PokerPlayer
TheGrinder44,PokerPlayer
CrownUpGuy,PokerPlayer
ToddBrunson,PokerPlayer
KaraOTR,PokerPlayer
RyanRiess1,PokerPlayer
LuckBoxJuanda,PokerPlayer
elkypoker,PokerPlayer
AllenCunningham,PokerPlayer
GusHansen,PokerPlayer
Andrew_Robl,PokerPlayer
sorelmizzi,PokerPlayer
daniel_shak,PokerPlayer
LizLieu,PokerPlayer
LauraBaileyVO,VoiceActor
TheVulcanSalute,VoiceActor
WillingBlam,VoiceActor
samriegel,VoiceActor
TroyBakerVA,VoiceActor
GreyDeLisle,VoiceActor
erikaishii,VoiceActor
blumspew,VoiceActor
ashly_burch,VoiceActor
YuriLowenthal,VoiceActor
yakkopinky,VoiceActor
BenjaminDiskin,VoiceActor
MaxMittelman,VoiceActor
SeanSchemmel,VoiceActor
jhaletweets,VoiceActor
itsamike,VoiceActor
sonicmega,VoiceActor
XanderMobusVO,VoiceActor
RayChase,VoiceActor
KaggyFilms,VoiceActor
TheMilesLuna,VoiceActor
maureenjohnson,VoiceActor
deebradleybaker,VoiceActor
BrycePapenbrook,VoiceActor
Seitz_Unseen,VoiceActor
JATactor,VoiceActor
Stephen_Stanton,VoiceActor
ccarrollbeard,VoiceActor
justinbriner,VoiceActor
caitlinsvoice,VoiceActor
JMichaelTatum,VoiceActor
CliffordChapin,VoiceActor
ItsXanthor,VoiceActor
ericvale,VoiceActor
CrispinFreeman,VoiceActor
taraplatt,VoiceActor
charlie_adler,VoiceActor
TheVeronicaT,VoiceActor
Kara4tx,VoiceActor
MichelleRuffvo1,VoiceActor
TheDailyShow,TelevisionShow
BubbaWallace,NascarDriver
BubbaWallace,MotorsportRacer
BubbaWallace,Race
BubbaWallace,RacingDriver
JimmieJohnson,NascarDriver
JimmieJohnson,MotorsportRacer
JimmieJohnson,Race
JimmieJohnson,Automobile
JimmieJohnson,RacingDriver
JeffGordonWeb,NascarDriver
JeffGordonWeb,MotorsportRacer
JeffGordonWeb,Race
JeffGordonWeb,Automobile
JeffGordonWeb,RacingDriver
KevinHarvick,NascarDriver
KevinHarvick,MotorsportRacer
KevinHarvick,Race
KevinHarvick,Automobile
KevinHarvick,RacingDriver
chaseelliott,NascarDriver
chaseelliott,MotorsportRacer
chaseelliott,Race
chaseelliott,Automobile
chaseelliott,RacingDriver
KyleBusch,NascarDriver
KyleBusch,MotorsportRacer
KyleBusch,Race
KyleBusch,Automobile
KyleBusch,RacingDriver
ClintBowyer,NascarDriver
ClintBowyer,MotorsportRacer
ClintBowyer,Race
ClintBowyer,Automobile
ClintBowyer,RacingDriver
TonyStewart,NascarDriver
TonyStewart,MotorsportRacer
TonyStewart,Race
TonyStewart,Automobile
TonyStewart,RacingDriver
keselowski,NascarDriver
keselowski,MotorsportRacer
keselowski,Race
keselowski,Automobile
keselowski,RacingDriver
KurtBusch,NascarDriver
KurtBusch,MotorsportRacer
KurtBusch,Race
KurtBusch,Automobile
KurtBusch,RacingDriver
Blaney,NascarDriver
Blaney,MotorsportRacer
Blaney,Race
Blaney,Automobile
Blaney,RacingDriver
HailieDeegan,NascarDriver
HailieDeegan,MotorsportRacer
HailieDeegan,Race
HailieDeegan,RacingDriver
joeylogano,NascarDriver
joeylogano,MotorsportRacer
joeylogano,Race
joeylogano,Automobile
joeylogano,RacingDriver
kaseykahne,NascarDriver
kaseykahne,MotorsportRacer
kaseykahne,Race
kaseykahne,Automobile
kaseykahne,RacingDriver
Kenny_Wallace,NascarDriver
Kenny_Wallace,MotorsportRacer
Kenny_Wallace,Race
Kenny_Wallace,Automobile
Kenny_Wallace,RacingDriver
kylepetty,NascarDriver
kylepetty,MotorsportRacer
kylepetty,Race
kylepetty,Automobile
kylepetty,RacingDriver
austindillon3,NascarDriver
austindillon3,MotorsportRacer
austindillon3,Race
austindillon3,Automobile
austindillon3,RacingDriver
mattdracing,NascarDriver
mattdracing,MotorsportRacer
mattdracing,Race
mattdracing,Automobile
mattdracing,RacingDriver
Daniel_SuarezG,MotorsportRacer
Daniel_SuarezG,Race
Daniel_SuarezG,Automobile
Daniel_SuarezG,RacingDriver
TylerReddick,NascarDriver
TylerReddick,MotorsportRacer
TylerReddick,Race
TylerReddick,Automobile
TylerReddick,RacingDriver
Aric_Almirola,NascarDriver
Aric_Almirola,MotorsportRacer
Aric_Almirola,Race
Aric_Almirola,Automobile
Aric_Almirola,RacingDriver
NoahGragson,NascarDriver
NoahGragson,MotorsportRacer
NoahGragson,Race
NoahGragson,Automobile
NoahGragson,RacingDriver
RossChastain,NascarDriver
RossChastain,MotorsportRacer
RossChastain,Race
RossChastain,Automobile
RossChastain,RacingDriver
J_Allgaier,NascarDriver
J_Allgaier,MotorsportRacer
J_Allgaier,Race
J_Allgaier,Automobile
J_Allgaier,RacingDriver
JebBurtonRacing,NascarDriver
JebBurtonRacing,MotorsportRacer
JebBurtonRacing,Race
JebBurtonRacing,Automobile
JebBurtonRacing,RacingDriver
JEarnhardt1,NascarDriver
JEarnhardt1,Automobile
DanielHemric,NascarDriver
DanielHemric,Automobile
Ryan_Truex,NascarDriver
Ryan_Truex,Automobile
HBurtonRacing,NascarDriver
RickyCraven32,NascarDriver
SpencerBoyd,NascarDriver
Brett_Moffitt,NascarDriver
Brett_Moffitt,Automobile
JClements51,NascarDriver
JClements51,Automobile
RyanPreece_,NascarDriver
RyanPreece_,Automobile
MichaelAnnett,NascarDriver
MichaelAnnett,Automobile
DavidGilliland,NascarDriver
DavidGilliland,Automobile
maxpapis,Automobile
lawsoncraddock,Cyclist
MLS,SportsLeague
LaLiga,SportsLeague
Bundesliga_EN,SportsLeague
LaLigaEN,SportsLeague
Ligue1_ENG,SportsLeague
LigaBBVAMX,SportsLeague
EFL,SportsLeague
USLLeagueTwo,SportsLeague
Bundesliga_DE,SportsLeague
SkyBetChamp,SportsLeague
AFL,Tournament
SuperRugby,Tournament
Jules_Bianchi,FormulaOneRacer
CFL,SportsLeague
giroditalia,SportsEvent
HollywoodBowl,Venue
AtlanticTheater,Venue
ucbcomedy,Venue
oldvictheatre,Venue
MSTheater,Venue
imVkohli,Cricketer
sachin_rt,Cricketer
virendersehwag,Cricketer
ImRo45,Cricketer
ImRaina,Cricketer
msdhoni,Cricketer
GautamGambhir,Cricketer
KP24,Cricketer
ABdeVilliers17,Cricketer
wasimakramlive,Cricketer
harbhajan_singh,Cricketer
YUVSTRONG12,Cricketer
henrygayle,Cricketer
SGanguly99,Cricketer
ShaneWarne,Cricketer
ImZaheer,Cricketer
MichaelVaughan,Cricketer
SAfridiOfficial,Cricketer
realshoaibmalik,Cricketer
ajinkyarahane88,Cricketer
anilkumble1074,Cricketer
BrettLee_58,Cricketer
benstokes38,Cricketer
sanjaymanjrekar,Cricketer
flintoff11,Cricketer
faf1307,Cricketer
sherryontopp,Cricketer
BrianLara,Cricketer
KumarSanga2,Cricketer
Gmaxi_32,Cricketer
StuartBroad8,Cricketer
ShaneRWatson33,Cricketer
MohammadKaif,Cricketer
JofraArcher,Cricketer
GraemeSmith49,Cricketer
josbuttler,Cricketer
root66,Cricketer
ImIshant,Cricketer
isaguha,Cricketer
DickieV,Coach
TonyDungy,Coach
TonyDungy,GridironFootballPlayer
TonyDungy,AmericanFootballPlayer
PeteCarroll,Coach
PeteCarroll,CollegeCoach
CoachTomlin,Coach
CoachUrbanMeyer,Coach
CoachUrbanMeyer,CollegeCoach
UKCoachCalipari,Coach
UKCoachCalipari,CollegeCoach
TTuberville,Coach
TTuberville,CollegeCoach
sonofbum,Coach
LincolnRiley,Coach
LincolnRiley,CollegeCoach
EricPMusselman,Coach
CoachLesMiles,Coach
CoachLesMiles,CollegeCoach
CoachLouHoltz88,Coach
CoachLouHoltz88,CollegeCoach
BruceArians,Coach
coach_cristobal,Coach
coach_cristobal,CollegeCoach
coach_frost,Coach
coach_frost,CollegeCoach
SteveSpurrierUF,Coach
SteveSpurrierUF,CollegeCoach
Coach_mtucker,Coach
coachbrucepearl,Coach
coachbrucepearl,CollegeCoach
CoachButchJones,Coach
CoachButchJones,CollegeCoach
CoachHuggs,Coach
CoachHuggs,CollegeCoach
BCCoachStevens,Coach
phillipfulmer,Coach
phillipfulmer,CollegeCoach
CoachTaggart,Coach
CoachTaggart,CollegeCoach
patsummitt,Coach
patsummitt,CollegeCoach
BallCoachJoeMo,Coach
therealboeheim,Coach
therealboeheim,CollegeCoach
RickBarnesUT,Coach
CoachDerekMason,Coach
CoachDerekMason,CollegeCoach
LovieSmith,Coach
CoachSattUofL,Coach
CoachTraylor,Coach
CoachBabersCuse,Coach
CoachBabersCuse,CollegeCoach
CoachDaveAranda,Coach
CoachDaveAranda,CollegeCoach
NDMikeBrey,Coach
NDMikeBrey,CollegeCoach
lemo22,Coach
lemo22,CollegeCoach
NickRolovich,Coach
NickRolovich,CollegeCoach
CoachJeffWalz,Coach
StephenAtHome,Comedian
jimmyfallon,Comedian
TheEllenShow,Comedian
joerogan,Comedian
jimmykimmel,Comedian
billmaher,Comedian
SarahKSilverman,Comedian
RealJamesWoods,Artist
RealJamesWoods,Actor
rickygervais,Artist
rickygervais,Comedian
Trevornoah,Artist
Trevornoah,Comedian
JimGaffigan,Comedian
danieltosh,Comedian
JohnnyGWeir,Skater
JohnnyGWeir,FigureSkater
JohnnyGWeir,WinterSportPlayer
MichelleWKwan,Skater
MichelleWKwan,FigureSkater
MichelleWKwan,WinterSportPlayer
taralipinski,Skater
taralipinski,FigureSkater
taralipinski,WinterSportPlayer
nathanwchen,Skater
nathanwchen,FigureSkater
nathanwchen,WinterSportPlayer
ApoloOhno,Skater
ApoloOhno,WinterSportPlayer
mirai_nagasu,Skater
mirai_nagasu,FigureSkater
mirai_nagasu,WinterSportPlayer
AlexShibutani,Skater
AlexShibutani,FigureSkater
AlexShibutani,WinterSportPlayer
MaiaShibutani,Skater
MaiaShibutani,FigureSkater
MaiaShibutani,WinterSportPlayer
AshWagner2010,Skater
AshWagner2010,FigureSkater
AshWagner2010,WinterSportPlayer
Meryl_Davis,Skater
Meryl_Davis,FigureSkater
Meryl_Davis,WinterSportPlayer
kristiyamaguchi,Skater
kristiyamaguchi,FigureSkater
GraceEGold,Skater
GraceEGold,FigureSkater
tessavirtue,Skater
tessavirtue,FigureSkater
BrianBoitano,Skater
BrianBoitano,FigureSkater
EvanLysacek,Skater
EvanLysacek,FigureSkater
AllisonBaver,Skater
Karebearsk8,Skater
Karebearsk8,FigureSkater
SarahHughesNY,Skater
SarahHughesNY,FigureSkater
jeremyabbottpcf,Skater
jeremyabbottpcf,FigureSkater
ScottMoir,Skater
ScottMoir,FigureSkater
chockolate02,Skater
chockolate02,FigureSkater
PolinaEdmunds,Skater
PolinaEdmunds,FigureSkater
Evan_Bates,Skater
Evan_Bates,FigureSkater
Rad85E,Skater
Rad85E,FigureSkater
chadhedrick,Skater
ShaniDavis,Skater
kaetlyn_23,Skater
kaetlyn_23,FigureSkater
gabby_daleman,Skater
gabby_daleman,FigureSkater
EvgeniPlushenko,Skater
EvgeniPlushenko,FigureSkater
MaxTAaron,Skater
MaxTAaron,FigureSkater
JoannieRochette,Skater
JoannieRochette,FigureSkater
kailanicraine,Skater
kailanicraine,FigureSkater
DavisCup,SportsLeague
DavisCup,SportsEvent
AbbyWambach,SoccerPlayer
WayneRooney,SoccerPlayer
landondonovan,SoccerPlayer
GNev2,SoccerPlayer
Timcast,Youtuber
markiplier,Youtuber
PrisonPlanet,Youtuber
pokimanelol,Youtuber
MKBHD,Youtuber
vgdunkey,Youtuber
shanedawson,Youtuber
MsBlaireWhite,Youtuber
DavidDobrik,Youtuber
JonTronShow,Youtuber
PhillyD,Youtuber
johngreen,Youtuber
theodd1sout,Youtuber
jackieaina,Youtuber
tyleroakley,Youtuber
danielhowell,Youtuber
tweetsauce,Youtuber
VanossGaming,Youtuber
tanamongeau,Youtuber
MarziaPie,Youtuber
AndreaRussett,Youtuber
AmazingPhil,Youtuber
Erdayastronaut,Youtuber
TheAn1meMan,Youtuber
CaptainSparklez,Youtuber
jccaylen,Youtuber
KianLawley,Youtuber
grandayy,Youtuber
MannyMua733,Youtuber
Lazarbeam,Youtuber
NikitaDragun,Youtuber
Etika,Youtuber
JoeyGraceffa,Youtuber
Boogie2988,Youtuber
SethAbramson,Writer
BeschlossDC,Writer
Amy_Siskind,Writer
paulkrugman,Economist
ggreenwald,Writer
MaxBoot,Writer
mtaibbi,Writer
AnandWrites,Writer
rgay,Writer
ariannahuff,Writer
ThatEricAlper,Writer
jmeacham,Writer
SamHarrisOrg,Writer
MargaretAtwood,Writer
ShellenbergerMD,Writer
carolecadwalla,Writer
JoyceMeyer,Writer
PeterSchiff,Writer
billmckibben,Writer
petridishes,Writer
andrewklavan,Writer
ChuckWendig,Writer
NaomiAKlein,Writer
andrewrsorkin,Writer
theRealKiyosaki,Writer
MSignorile,Writer
DaveRamsey,Writer
CHSommers,Writer
Gladwell,Writer
natasharothwell,Writer
IgnatiusPost,Writer
paulocoelho,Writer
theferocity,Writer
miakhalifa,AdultActor
jennajameson,AdultActor
thereallisaann,AdultActor
thekatiemorgan,AdultActor
BaileyJayTweets,AdultActor
ninaland,AdultActor
satinephoenix,AdultActor
RealRonJeremy,AdultActor
1daisymarie,AdultActor
marica_1029,AdultActor
PrinceYahshua,AdultActor
jizlee,AdultActor
TommyPistol,AdultActor
PumaSwede,AdultActor
axelbraun,AdultActor
FlashBrownxxx,AdultActor
madisonyoung,AdultActor
NACHOVIDALPORN,AdultActor
toniribas,AdultActor
JamesDeen,AdultActor
Poynter,School
Poynter,EducationalInstitution
FloridaGators,School
harvardmed,School
harvardmed,EducationalInstitution
harvardmed,University
HarvardHBS,School
HarvardHBS,EducationalInstitution
HarvardHBS,University
WestPoint_USMA,School
WestPoint_USMA,EducationalInstitution
WestPoint_USMA,University
NavalAcademy,School
NavalAcademy,EducationalInstitution
Harvard_Law,School
Harvard_Law,EducationalInstitution
Harvard_Law,University
GeorgetownLaw,School
GeorgetownLaw,EducationalInstitution
BloomsburyBooks,Publisher
YaleLawSch,School
WCPSS,School
Columbia_Biz,School
AuburnBaseball,School
StanfordLaw,School
SNHU,School
LBS,School
GTAthletics,School
CobbSchools,School
GwinnettSchools,School
apsupdate,School
NYFA,School
HarvardDivinity,School
HarvardExt,School
EriksonInst,School
FultonCoSchools,School
HenricoSchools,School
IthacaCollege,School
ACPSk12,School
INSEAD,School
CyFairISD,School
TimCoronel,MotorsportRacer
TimCoronel,Race
TimCoronel,RacingDriver
danielricciardo,MotorsportRacer
danielricciardo,Race
danielricciardo,FormulaOneRacer
danielricciardo,RacingDriver
Max33Verstappen,MotorsportRacer
Max33Verstappen,Race
Max33Verstappen,FormulaOneRacer
Max33Verstappen,RacingDriver
LandoNorris,MotorsportRacer
LandoNorris,Race
LandoNorris,FormulaOneRacer
LandoNorris,RacingDriver
Charles_Leclerc,MotorsportRacer
Charles_Leclerc,Race
Charles_Leclerc,RacingDriver
SChecoPerez,MotorsportRacer
SChecoPerez,Race
SChecoPerez,FormulaOneRacer
SChecoPerez,RacingDriver
ValtteriBottas,MotorsportRacer
ValtteriBottas,Race
ValtteriBottas,FormulaOneRacer
ValtteriBottas,RacingDriver
RGrosjean,MotorsportRacer
RGrosjean,Race
RGrosjean,FormulaOneRacer
RGrosjean,RacingDriver
alo_oficial,MotorsportRacer
alo_oficial,Race
alo_oficial,FormulaOneRacer
alo_oficial,RacingDriver
TravisPastrana,MotorsportRacer
TravisPastrana,Race
TravisPastrana,RacingDriver
MarioAndretti,MotorsportRacer
MarioAndretti,Race
MarioAndretti,FormulaOneRacer
MarioAndretti,RacingDriver
JensonButton,MotorsportRacer
JensonButton,Race
JensonButton,FormulaOneRacer
JensonButton,RacingDriver
TomCoronel,MotorsportRacer
TomCoronel,Race
TomCoronel,RacingDriver
h3lio,MotorsportRacer
h3lio,Race
h3lio,RacingDriver
KevinMagnussen,MotorsportRacer
KevinMagnussen,FormulaOneRacer
KevinMagnussen,RacingDriver
BreedersCup,SocietalEvent
BreedersCup,SportsEvent
cthagod,Presenter
cthagod,RadioHost
ColinCowherd,Presenter
ColinCowherd,RadioHost
NPRinskeep,Presenter
Espngreeny,Presenter
Espngreeny,RadioHost
bomani_jones,Presenter
kairyssdal,Presenter
danajacobson,Presenter
chickmcgee1,Presenter
czabe,Presenter
czabe,RadioHost
corbydavidson,Presenter
corbydavidson,RadioHost
lmillernpr,Journalist
lmillernpr,TelevisionHost
soyfdelrincon,Presenter
soyfdelrincon,TelevisionHost
iraflatow,Presenter
iraflatow,TelevisionHost
DamonBruce,Presenter
DamonBruce,RadioHost
bworley,Presenter
bworley,TelevisionHost
patcaputo98,Presenter
JulieAdenuga,Presenter
GarethCliff,Presenter
GarethCliff,RadioHost
ninalasvegas,Presenter
ninalasvegas,RadioHost
domisatwit,Presenter
Colvinius,Presenter
huwstephens,Presenter
DJTrevorNelson,Presenter
DJTrevorNelson,RadioHost
BBClamacqshow,Presenter
BBClamacqshow,RadioHost
lindseyvonn,WinterSportPlayer
MikaelaShiffrin,WinterSportPlayer
FlaDems,PoliticalParty
WorkingFamilies,PoliticalParty
freedomcaucus,PoliticalParty
NCDemParty,PoliticalParty
KyDems,PoliticalParty
CA_Dem,PoliticalParty
NewYorkGOP,PoliticalParty
tndp,PoliticalParty
BJP4India,PoliticalParty
CAGOP,PoliticalParty
GaRepublicans,PoliticalParty
PTIofficial,PoliticalParty
communistsusa,PoliticalParty
UKIP,PoliticalParty
INCIndia,PoliticalParty
SCGOP,PoliticalParty
EFFSouthAfrica,PoliticalParty
washdems,PoliticalParty
theSNP,PoliticalParty
AamAadmiParty,PoliticalParty
NDP,PoliticalParty
VoluntadPopular,PoliticalParty
unidadvenezuela,PoliticalParty
Pr1meroJusticia,PoliticalParty
profastpitch,SportsLeague
Acosta,Journalist
JoyAnnReid,Journalist
chrislhayes,Journalist
ddale8,Journalist
DavidCornDC,Journalist
atrupar,Journalist
maggieNYT,Journalist
kaitlancollins,Journalist
AriMelber,Journalist
Fahrenthold,Journalist
SRuhle,Journalist
ezraklein,Journalist
KatyTurNBC,Journalist
jonathanvswan,Journalist
costareports,Journalist
ChrisCuomo,Journalist
ElieNYC,Journalist
AprilDRyan,Journalist
bennyjohnson,Journalist
PhilipRucker,Journalist
JohnJHarwood,Journalist
yashar,Journalist
kurteichenwald,Journalist
chucktodd,Journalist
AliVelshi,Journalist
BrianKarem,Journalist
mehdirhasan,Journalist
matthewamiller,Journalist
nhannahjones,Journalist
KatiePavlich,Journalist
cvpayne,Journalist
CharlesMBlow,Journalist
kasie,Journalist
jimsciutto,Journalist
peterbakernyt,Journalist
CapehartJ,Journalist
HallieJackson,Journalist
KFILE,Journalist
Eugene_Robinson,Journalist
ejeancarroll,Journalist
blakeshelton,MusicalArtist
LewisHamilton,Race
LewisHamilton,FormulaOneRacer
JohnLegere,BusinessPerson
JGreenblattADL,BusinessPerson
JaySekulow,BusinessPerson
cz_binance,BusinessPerson
adamcbest,BusinessPerson
ScottDisick,BusinessPerson
marcuslemonis,BusinessPerson
alexisohanian,BusinessPerson
BrianDEvans,BusinessPerson
DavidSacks,BusinessPerson
robertherjavec,BusinessPerson
sacca,BusinessPerson
HFiskJohnson,BusinessPerson
Jason,BusinessPerson
CEOAdam,BusinessPerson
cdixon,BusinessPerson
novogratz,BusinessPerson
EBischoff,BusinessPerson
Jkylebass,BusinessPerson
StartupPro,BusinessPerson
patrickbetdavid,BusinessPerson
Benioff,BusinessPerson
karagoldin,BusinessPerson
Carl_C_Icahn,BusinessPerson
yosp,BusinessPerson
DuvalMagic,BusinessPerson
bhorowitz,BusinessPerson
levie,BusinessPerson
gchahal,BusinessPerson
bchesky,BusinessPerson
georgepbush,BusinessPerson
rabois,BusinessPerson
patrickc,BusinessPerson
dickc,BusinessPerson
HowardSchultz,BusinessPerson
tobi,BusinessPerson
CharlieShrem,BusinessPerson
vkhosla,BusinessPerson
randizuckerberg,BusinessPerson
msuster,BusinessPerson
Tokyo2020,SocietalEvent
Tokyo2020,SportsEvent
Rio2016,SocietalEvent
Rio2016,SportsEvent
London2012,SportsEvent
Paris2024,SportsEvent
Tokyo2020jp,SportsEvent
MCO,Airport
MCO,Place
DENAirport,Airport
ATLairport,Airport
FlyTPA,Airport
Reagan_Airport,Airport
flySFO,Airport
iflymia,Airport
mspairport,Airport
LASairport,Airport
FLLFlyer,Airport
DublinAirport,Airport
RDUAirport,Airport
SanDiegoAirport,Airport
Gatwick_Airport,Airport
INDairport,Airport
Flack4RIC,Airport
PITairport,Airport
CVGairport,Airport
DXB,Airport
TorontoPearson,Airport
Airport_FRA,Airport
BrusselsAirport,Airport
GLA_Airport,Airport
MikeTyson,Boxer
Gervontaa,Boxer
Tyson_Fury,Boxer
BronzeBomber,Boxer
MannyPacquiao,Boxer
MuhammadAli,Boxer
terencecrawford,Boxer
GGGBoxing,Boxer
OscarDeLaHoya,Boxer
ShakurStevenson,Boxer
Realdevinhaney,Boxer
Claressashields,Boxer
holyfield,Boxer
LennoxLewis,Boxer
SugarRayLeonard,Boxer
AdrienBroner,Boxer
RealRoyJonesJr,Boxer
TheRealLailaAli,Boxer
RealMiguelCotto,Boxer
ShowtimeShawnP,Boxer
keithfthurmanjr,Boxer
TwinCharlo,Boxer
FutureOfBoxing,Boxer
ShaneMosley_,Boxer
MikaelaMayer1,Boxer
JamelHerring,Boxer
KatieTaylor,Boxer
TonyBellew,Boxer
Timbradleyjr,Boxer
SUPERJUDAH,Boxer
BadouJack,Boxer
vinnie_paz,Boxer
DillianWhyte,Boxer
SpecialKBrook,Boxer
filipinoflash,Boxer
GeorgeForeman,Boxer
ChrisEubankJr,Boxer
riddickbowe,Boxer
AndreBerto,Boxer
clemetzoo,Place
PopSci,Magazine
Phillies,BaseballTeam
Phillies,SportsTeam
astros,BaseballTeam
astros,SportsTeam
tigers,BaseballTeam
SFGiants,BaseballTeam
Orioles,BaseballTeam
Mariners,BaseballTeam
Reds,BaseballTeam
Royals,BaseballTeam
RaysBaseball,BaseballTeam
Angels,BaseballTeam
Brewers,BaseballTeam
Pirates,BaseballTeam
whitesox,BaseballTeam
YankeesPR,BaseballTeam
Athletics,BaseballTeam
Dbacks,BaseballTeam
BlueJays,BaseballTeam
Marlins,BaseballTeam
Pantone294,BaseballTeam
ChattLookouts,BaseballTeam
Yankees_Beisbol,BaseballTeam
LosAstros,BaseballTeam
GordonRamsay,Chef
GuyFieri,Chef
Bourdain,Chef
altonbrown,Chef
GDeLaurentiis,Chef
tomcolicchio,Chef
guarnaschelli,Chef
chefsymon,Chef
Mariobatali,Chef
Paula_Deen,Chef
Emeril,Chef
davidchang,Chef
duffgoldman,Chef
MarcusCooks,Chef
chefanneburrell,Chef
AaronSanchez,Chef
Rick_Bayless,Chef
carlahall,Chef
RichardBlais,Chef
CiaoSamin,Chef
MVoltaggio,Chef
PaulHollywood,Chef
catcora,Chef
EatFellowHumans,Chef
mattymatheson,Chef
mingtsai,Chef
LidiaBastianich,Chef
AliceWaters,Chef
DanielBoulud,Chef
jacquestorres,Chef
ottolenghi,Chef
steamykitchen,Chef
mollyyeh,Chef
ChefDPhillips,Chef
cheffalkner,Chef
tuffystone,Chef
TheVikasKhanna,Chef
MelissadArabian,Chef
lorrainepascale,Chef
EuropaLeague,Tournament
Eurovision,Tournament
CopaAmerica,Tournament
MSFTImagine,Tournament
VidaGuerra,Model
BoSnerdley,RadioHost
angelayee,RadioHost
iraglass,RadioHost
elvisduran,RadioHost
JesseThorn,RadioHost
ChrisPlanteShow,RadioHost
bobkevoian,RadioHost
GinaGrad,RadioHost
benmaller,RadioHost
GeorgeDunham,RadioHost
BaldBryan,RadioHost
MarkArum,RadioHost
FullMetalJackie,RadioHost
DJBonics,RadioHost
MikeCatherwood,RadioHost
bobzany,RadioHost
Chris_Stark,RadioHost
sam_yg,RadioHost
raulbrindis,RadioHost
nytimes,PeriodicalLiterature
nytimes,Newspaper
nytimes,WrittenWork
washingtonpost,PeriodicalLiterature
washingtonpost,Newspaper
washingtonpost,WrittenWork
TheOnion,PeriodicalLiterature
TheOnion,WrittenWork
NatGeo,PeriodicalLiterature
NatGeo,WrittenWork
NatGeo,Magazine
TheEconomist,PeriodicalLiterature
TheEconomist,Newspaper
TheEconomist,WrittenWork
Forbes,PeriodicalLiterature
Forbes,WrittenWork
Forbes,Magazine
nypost,PeriodicalLiterature
nypost,Newspaper
nypost,WrittenWork
guardian,PeriodicalLiterature
guardian,Newspaper
guardian,WrittenWork
USATODAY,PeriodicalLiterature
USATODAY,Newspaper
USATODAY,WrittenWork
TheAtlantic,PeriodicalLiterature
TheAtlantic,WrittenWork
TheAtlantic,Magazine
latimes,PeriodicalLiterature
latimes,Newspaper
latimes,WrittenWork
RollingStone,PeriodicalLiterature
RollingStone,WrittenWork
RollingStone,Magazine
Newsweek,PeriodicalLiterature
Newsweek,WrittenWork
Newsweek,Magazine
THR,PeriodicalLiterature
THR,WrittenWork
THR,Magazine
EW,PeriodicalLiterature
EW,WrittenWork
EW,Magazine
sciam,PeriodicalLiterature
sciam,WrittenWork
sciam,Magazine
FT,PeriodicalLiterature
FT,Newspaper
FT,WrittenWork
theintercept,PeriodicalLiterature
FinancialTimes,PeriodicalLiterature
FinancialTimes,Newspaper
FinancialTimes,WrittenWork
SInow,PeriodicalLiterature
SInow,WrittenWork
SInow,Magazine
ScienceNews,PeriodicalLiterature
ScienceNews,WrittenWork
ScienceNews,Magazine
nytimesbooks,PeriodicalLiterature
nytimesbooks,WrittenWork
newscientist,PeriodicalLiterature
newscientist,WrittenWork
newscientist,Magazine
guardiannews,PeriodicalLiterature
guardiannews,Newspaper
guardiannews,WrittenWork
gameinformer,PeriodicalLiterature
gameinformer,WrittenWork
gameinformer,Magazine
NYDailyNews,PeriodicalLiterature
NYDailyNews,Newspaper
NYDailyNews,WrittenWork
HarvardBiz,PeriodicalLiterature
HarvardBiz,WrittenWork
HarvardBiz,Magazine
dcexaminer,PeriodicalLiterature
dcexaminer,Newspaper
dcexaminer,WrittenWork
NRO,PeriodicalLiterature
NRO,WrittenWork
NRO,Magazine
TexasTribune,PeriodicalLiterature
TexasTribune,Newspaper
TexasTribune,WrittenWork
foodandwine,PeriodicalLiterature
foodandwine,WrittenWork
foodandwine,Magazine
Independent,PeriodicalLiterature
Independent,Newspaper
Independent,WrittenWork
ForeignPolicy,PeriodicalLiterature
ForeignPolicy,WrittenWork
ForeignPolicy,Magazine
capitalweather,PeriodicalLiterature
capitalweather,Newspaper
nytopinion,PeriodicalLiterature
nytopinion,Newspaper
nytopinion,WrittenWork
nytpolitics,PeriodicalLiterature
nytpolitics,Newspaper
nytpolitics,WrittenWork
pcgamer,PeriodicalLiterature
pcgamer,WrittenWork
pcgamer,Magazine
MailOnline,PeriodicalLiterature
MailOnline,Newspaper
MailOnline,WrittenWork
rugbyworldcup,Tournament
rugbyworldcup,SportsLeague
ChelseaFC,SportsClub
LFC,SportsClub
Arsenal,SportsClub
realmadrid,SportsClub
ManCity,SportsClub
realmadriden,SportsClub
SpursOfficial,SportsClub
ATLUTD,SportsClub
FCBarcelona_es,SportsClub
PSG_English,SportsClub
FCBayernEN,SportsClub
NYCFC,SportsClub
BlackYellow,SportsClub
PSG_inside,SportsClub
FCBayern,SportsClub
LAGalaxy,SportsClub
juventusfc,SportsClub
Everton,SportsClub
juventusfcen,SportsClub
WashSpirit,SportsClub
TimbersFC,SportsClub
BVB,SportsClub
OrlandoCitySC,SportsClub
NewYorkRedBulls,SportsClub
LCFC,SportsClub
LAFC,SportsClub
WestHam,SportsClub
NUFC,SportsClub
NERevolution,SportsClub
fccincinnati,SportsClub
LUFC,SportsClub
AustinFC,SportsClub
AVFCOfficial,SportsClub
FCDallas,SportsClub
ORLPride,SportsClub
ChicagoFire,SportsClub
NashvilleSC,SportsClub
Wolves,SportsClub
CPFC,SportsClub
nypl,EducationalInstitution
Harvard,EducationalInstitution
Harvard,University
Stanford,EducationalInstitution
Stanford,University
Columbia,EducationalInstitution
Columbia,University
Yale,EducationalInstitution
Yale,University
britishlibrary,EducationalInstitution
Princeton,EducationalInstitution
Princeton,University
LSU,EducationalInstitution
LSU,University
Hillsdale,EducationalInstitution
Hillsdale,University
Cornell,EducationalInstitution
Cornell,University
FullSail,EducationalInstitution
FullSail,University
LibertyU,EducationalInstitution
LibertyU,University
nyuniversity,EducationalInstitution
nyuniversity,University
Georgetown,EducationalInstitution
Georgetown,University
BrownUniversity,EducationalInstitution
BrownUniversity,University
GWtweets,EducationalInstitution
GWtweets,University
NavalWarCollege,EducationalInstitution
NavalWarCollege,University
gcu,EducationalInstitution
gcu,University
Morehouse,EducationalInstitution
Morehouse,University
AmericanU,EducationalInstitution
AmericanU,University
IUBloomington,EducationalInstitution
TexasTech,EducationalInstitution
SpelmanCollege,EducationalInstitution
MITOCW,EducationalInstitution
Kaepernick7,GridironFootballPlayer
Kaepernick7,AmericanFootballPlayer
Kaepernick7,Athlete
TomBrady,GridironFootballPlayer
TomBrady,AmericanFootballPlayer
TomBrady,Athlete
ShannonSharpe,GridironFootballPlayer
ShannonSharpe,AmericanFootballPlayer
ShannonSharpe,Athlete
PatMcAfeeShow,GridironFootballPlayer
PatMcAfeeShow,AmericanFootballPlayer
PatMcAfeeShow,Athlete
TimTebow,GridironFootballPlayer
TimTebow,AmericanFootballPlayer
TimTebow,Athlete
obj,GridironFootballPlayer
obj,AmericanFootballPlayer
obj,Athlete
AaronRodgers12,GridironFootballPlayer
AaronRodgers12,AmericanFootballPlayer
AaronRodgers12,Athlete
DangeRussWilson,GridironFootballPlayer
DangeRussWilson,AmericanFootballPlayer
DangeRussWilson,Athlete
RobGronkowski,GridironFootballPlayer
RobGronkowski,AmericanFootballPlayer
RobGronkowski,Athlete
DeionSanders,GridironFootballPlayer
DeionSanders,AmericanFootballPlayer
DeionSanders,Athlete
Lj_era8,GridironFootballPlayer
Lj_era8,AmericanFootballPlayer
Lj_era8,Athlete
DezBryant,GridironFootballPlayer
DezBryant,AmericanFootballPlayer
DezBryant,Athlete
drewbrees,GridironFootballPlayer
drewbrees,AmericanFootballPlayer
drewbrees,Athlete
bakermayfield,GridironFootballPlayer
bakermayfield,AmericanFootballPlayer
Mathieu_Era,GridironFootballPlayer
Mathieu_Era,AmericanFootballPlayer
RGIII,GridironFootballPlayer
RGIII,AmericanFootballPlayer
EzekielElliott,GridironFootballPlayer
EzekielElliott,AmericanFootballPlayer
dak,GridironFootballPlayer
dak,AmericanFootballPlayer
LarryFitzgerald,GridironFootballPlayer
LarryFitzgerald,AmericanFootballPlayer
CameronNewton,GridironFootballPlayer
CameronNewton,AmericanFootballPlayer
michaelstrahan,GridironFootballPlayer
michaelstrahan,AmericanFootballPlayer
JOEL9ONE,GridironFootballPlayer
JOEL9ONE,AmericanFootballPlayer
deshaunwatson,GridironFootballPlayer
deshaunwatson,AmericanFootballPlayer
terrellowens,GridironFootballPlayer
terrellowens,AmericanFootballPlayer
JManziel2,GridironFootballPlayer
JManziel2,AmericanFootballPlayer
TroyAikman,GridironFootballPlayer
TroyAikman,AmericanFootballPlayer
LeVeonBell,GridironFootballPlayer
LeVeonBell,AmericanFootballPlayer
ReggieBush,GridironFootballPlayer
ReggieBush,AmericanFootballPlayer
MoneyLynch,GridironFootballPlayer
MoneyLynch,AmericanFootballPlayer
cheetah,GridironFootballPlayer
cheetah,AmericanFootballPlayer
tkelce,GridironFootballPlayer
tkelce,AmericanFootballPlayer
saquon,GridironFootballPlayer
saquon,AmericanFootballPlayer
cj_wentz,GridironFootballPlayer
cj_wentz,AmericanFootballPlayer
AdrianPeterson,GridironFootballPlayer
AdrianPeterson,AmericanFootballPlayer
DeAndreHopkins,GridironFootballPlayer
DeAndreHopkins,AmericanFootballPlayer
stefondiggs,GridironFootballPlayer
stefondiggs,AmericanFootballPlayer
michaelirvin88,GridironFootballPlayer
michaelirvin88,AmericanFootballPlayer
kurt13warner,GridironFootballPlayer
kurt13warner,AmericanFootballPlayer
tonyromo,GridironFootballPlayer
marklevinshow,RadioProgram
democracynow,RadioProgram
jimrome,RadioProgram
jimrome,TelevisionShow
npratc,RadioProgram
sternshow,RadioProgram
scifri,RadioProgram
Freakonomics,RadioProgram
planetmoney,RadioProgram
Radiolab,RadioProgram
LatinoUSA,RadioProgram
OnPointRadio,RadioProgram
TheTakeaway,RadioProgram
bobandtom,RadioProgram
NPRinvisibilia,RadioProgram
GlassJoeJP,RadioProgram
AltLatino,RadioProgram
loveline,RadioProgram
BBCNewsbeat,RadioProgram
bbctms,RadioProgram
AMCOUNTRYCNTWN,RadioProgram
KiddChris,RadioProgram
themonkeycage,RadioProgram
BBCRadMac,RadioProgram
ChrisMoylesShow,RadioProgram
pepsi,Beverage
CocaCola,Beverage
bonappetit,Magazine
MountainDew,Beverage
budweiserusa,Beverage
MillerLite,Beverage
sunnydelight,Beverage
DietCoke,Beverage
StellaArtois,Beverage
JimBeam,Beverage
FireballWhisky,Beverage
Snapple,Beverage
JoseCuervo,Beverage
lacroixwater,Beverage
CaptainMorganUS,Beverage
Budweiser,Beverage
Stoli,Beverage
PinnacleVodka,Beverage
ATTStadium,Venue
TruistPark,Venue
AllegiantStadm,Venue
barclayscenter,Venue
TheLaughFactory,Venue
MBStadium,Venue
yankeestadium,Venue
UnitedCenter,Venue
starlandNJ,Venue
BrdgstoneArena,Venue
MedievalTimes,Venue
HardRockStadium,Venue
OracleParkSF,Venue
theVIPERroom,Venue
PPGPaintsArena,Venue
AmalieArena,Venue
TMobileArena,Venue
BarbicanCentre,Venue
MercuryLoungeNY,Venue
ToyotaCenter,Venue
BOKCenter,Venue
wembleystadium,Venue
StateFarmArena,Venue
Golden1Center,Venue
KripaluCenter,Venue
clubspacemiami,Venue
youngvictheatre,Venue
nrgpark,Venue
southbankcentre,Venue
DoubleTree,Hotel
atlantisbahamas,Hotel
CourtyardHotels,Hotel
sheratonhotels,Hotel
Loews_Hotels,Hotel
FairmontHotels,Hotel
Westin,Hotel
Radisson,Hotel
RiuHoteles,Hotel
WaldorfAstoria,Hotel
CrownePlaza,Hotel
delcoronado,Hotel
HotelValleyHo,Hotel
HotelBelAir,Hotel
SohoGrandHotel,Hotel
TheDorchester,Hotel
ShangriLaHotels,Hotel
LuxCollection,Hotel
LeMeridien,Hotel
JurysInnsHotels,Hotel
premierinn,Hotel
derekhough,Dancer
CherylBurke,Dancer
mKiK808,Dancer
KARLIEREDD,Dancer
SharnaBurgess,Dancer
Karina_Smirnoff,Dancer
artemchigvintse,Dancer
d_TRIX,Dancer
chachigonzales,Dancer
SashaFarber,Dancer
JennaJohnson,Dancer
chelsiehightowr,Dancer
KalaniHilliker,Dancer
itsjeaninemason,Dancer
NeilHaskell,Dancer
iAm_Dytto,Dancer
KenichiEbina,Dancer
KayceeRice,Dancer
keviclifton,Dancer
DanCloudCampos,Dancer
anaisabellesite,Dancer
Robinwindsor,Dancer
DCComics,Publisher
DarkHorseComics,Publisher
lonelyplanet,Publisher
ImageComics,Publisher
HarperCollins,Publisher
haymarketbooks,Publisher
IDWPublishing,Publisher
torbooks,Publisher
yenpress,Publisher
ArchieComics,Publisher
orbitbooks,Publisher
HachetteUS,Publisher
ValiantComics,Publisher
VikingBooks,Publisher
riverheadbooks,Publisher
CrownPublishing,Publisher
ChronicleBooks,Publisher
DynamiteComics,Publisher
melvillehouse,Publisher
GrandCentralPub,Publisher
HarlequinBooks,Publisher
VersoBooks,Publisher
VintageAnchor,Publisher
KensingtonBooks,Publisher
AtriaBooks,Publisher
HarperPerennial,Publisher
PantheonBooks,Publisher
OniPress,Publisher
Coffee_House_,Publisher
LEEandLOW,Publisher
AmazonKDP,Publisher
AKPressDistro,Publisher
MacmillanUSA,Publisher
MangaGamer,Publisher
PrincetonUPress,Publisher
WorkmanPub,Publisher
Milkweed_Books,Publisher
E3,Convention
CPAC,Convention
CPAC,SocietalEvent
TwitchCon,Convention
TwitchCon,SocietalEvent
GamesDoneQuick,SocietalEvent
NBAAllStar,SocietalEvent
NBAAllStar,Game
FurFest,Convention
FurFest,SocietalEvent
lollapalooza,SocietalEvent
defcon,Convention
defcon,SocietalEvent
anthrocon,Convention
anthrocon,SocietalEvent
VidCon,Convention
VidCon,SocietalEvent
CES,Convention
AEexpo,Convention
AEexpo,SocietalEvent
GOPconvention,Convention
Freecomicbook,SocietalEvent
aclfestival,SocietalEvent
gamescom,Convention
gamescom,SocietalEvent
Netroots_Nation,Convention
nyfw,Convention
nyfw,SocietalEvent
MAGFest,Convention
MAGFest,SocietalEvent
Official_GDC,Convention
LondonFashionWk,Convention
LondonFashionWk,SocietalEvent
WonderCon,Convention
burningman,Convention
furcon,Convention
animecentral,Convention
thebookcon,Convention
ScrippsBee,Convention
BronyCon,Convention
RSAConference,Convention
AnimeNEXT,Convention
OsloFF,Convention
NYAutoShow,Convention
Raindance,Convention
rolandgarros,Tournament
LaverCup,Tournament
LaverCup,SportsEvent
cricketworldcup,Tournament
The_Greenbrier,Tournament
The_Greenbrier,SportsEvent
WMPhoenixOpen,Tournament
WMPhoenixOpen,SportsEvent
MemorialGolf,Tournament
MemorialGolf,SportsEvent
thegenesisinv,Tournament
thegenesisinv,SportsEvent
WellsFargoGolf,Tournament
WellsFargoGolf,SportsEvent
JDCLASSIC,Tournament
JDCLASSIC,SportsEvent
TheHondaClassic,Tournament
TheHondaClassic,SportsEvent
BBL,Tournament
RolexPMasters,Tournament
RolexPMasters,SportsEvent
chrisrock,Comedian
sethmeyers,Comedian
JerrySeinfeld,Comedian
rustyrockets,Comedian
amyschumer,Comedian
billyeichner,Comedian
DavidSpade,Comedian
shwood,Comedian
DaveChappelle,Comedian
CraigyFerg,Comedian
KarlousM,Comedian
kenjeong,Comedian
hardwick,Comedian
bobsaget,Comedian
chelseaperetti,Comedian
iamsambee,Comedian
DeanObeidallah,Comedian
SteveHofstetter,Comedian
marcmaron,Comedian
WhitneyCummings,Comedian
birbigs,Comedian
TiffanyHaddish,Comedian
bertkreischer,Comedian
fluffyguy,Comedian
tommychong,Comedian
meganamram,Comedian
RealBenBailey,Comedian
tomsegura,Comedian
dan_aykroyd,Comedian
TheNotoriousMMA,MartialArtist
TheNotoriousMMA,Athlete
ginacarano,MartialArtist
ginacarano,Athlete
DaveBautista,Athlete
JonnyBones,MartialArtist
GamebredFighter,MartialArtist
NateDiaz209,MartialArtist
stylebender,MartialArtist
garyhgoodridge,MartialArtist
dc_mma,MartialArtist
TeamKhabib,MartialArtist
ColbyCovMMA,MartialArtist
DustinPoirier,MartialArtist
USMAN84kg,MartialArtist
paigevanzant,MartialArtist
GeorgesStPierre,MartialArtist
francis_ngannou,MartialArtist
BlessedMMA,MartialArtist
TaraLaRosa,MartialArtist
bisping,MartialArtist
Benaskren,MartialArtist
jakeshieldsajj,MartialArtist
Cowboycerrone,MartialArtist
Thebeast_ufc,MartialArtist
Justin_Gaethje,MartialArtist
TonyFergusonXT,MartialArtist
stipemiocic,MartialArtist
ChuckLiddell,MartialArtist
nickdiaz209,MartialArtist
BulletValentina,MartialArtist
Amanda_Leoa,MartialArtist
Rampage4real,MartialArtist
rosenamajunas,MartialArtist
UrijahFaber,MartialArtist
SpiderAnderson,MartialArtist
TWooodley,MartialArtist
MightyMouse,MartialArtist
MikeChandlerMMA,MartialArtist
Showtimepettis,MartialArtist
cainmma,MartialArtist
Cody_Nolove,MartialArtist
CashApp,Software
DuckDuckGo,Software
alexa99,Software
PokemonGoApp,Software
PokemonGoApp,VideoGame
PokemonGoApp,Game
Minecraft,Software
Minecraft,VideoGame
Minecraft,Game
CyberpunkGame,VideoGame
CyberpunkGame,Game
EpicGames,Software
ethereum,Software
googlechrome,Software
UnderTale,Software
UnderTale,VideoGame
UnderTale,Game
FF_XIV_EN,Software
FF_XIV_EN,VideoGame
FF_XIV_EN,Game
tiktok_us,Software
FinalFantasy,Software
FinalFantasy,VideoGame
FinalFantasy,Game
streamlabs,Software
RocketLeague,Software
RocketLeague,VideoGame
RocketLeague,Game
Roblox,Software
Roblox,VideoGame
Roblox,Game
Dropbox,Software
Photoshop,Software
WWEgames,Software
WWEgames,VideoGame
WWEgames,Game
BTSW_official,VideoGame
BTSW_official,Game
TweetDeck,Software
cfm_miku_en,Software
PlayWarframe,Software
PlayWarframe,VideoGame
PlayWarframe,Game
UnrealEngine,Software
firefox,Software
Skype,Software
CrashBandicoot,VideoGame
CrashBandicoot,Game
DyingLightGame,Software
DyingLightGame,VideoGame
DyingLightGame,Game
PlayHearthstone,Software
PlayHearthstone,VideoGame
PlayHearthstone,Game
Office,Software
FFXVEN,Software
FFXVEN,VideoGame
FFXVEN,Game
Terraria_Logic,Software
Terraria_Logic,VideoGame
Terraria_Logic,Game
GuildWars2,Software
GuildWars2,VideoGame
GuildWars2,Game
Azure,Software
WordPress,Software
AppleNews,Software
NPR,Broadcaster
NPR,BroadcastNetwork
nprpolitics,Broadcaster
nprpolitics,BroadcastNetwork
dallascowboys,Broadcaster
dallascowboys,BroadcastNetwork
BaseballAmerica,Magazine
newrepublic,Magazine
SouthwestAir,Airline
Delta,Airline
AmericanAir,Airline
united,Airline
British_Airways,Airline
VirginAtlantic,Airline
KLM,Airline
FlyFrontier,Airline
qatarairways,Airline
AirCanada,Airline
Ryanair,Airline
Allegiant,Airline
TurkishAirlines,Airline
airfrance,Airline
etihad,Airline
Icelandair,Airline
FrontierCare,Airline
FlyAirNZ,Airline
SingaporeAir,Airline
Qantas,Airline
flyethiopian,Airline
AerLingus,Airline
Fly_Norwegian,Airline
cathaypacific,Airline
UPSAirlines,Airline
WestJet,Airline
FlySWISS,Airline
KenyaAirways,Airline
KoreanAir_KE,Airline
FlyANA_official,Airline
ELALUSA,Airline
SAS,Airline
CebuPacificAir,Airline
Aeromexico,Airline
_austrian,Airline
CopaAirlines,Airline
AirFranceFR,Airline
jetairways,Airline
Finnair,Airline
NYRangers,HockeyTeam
NHLBruins,HockeyTeam
NHLBlackhawks,HockeyTeam
penguins,HockeyTeam
Capitals,HockeyTeam
DetroitRedWings,HockeyTeam
NHLFlyers,HockeyTeam
GoldenKnights,HockeyTeam
TBLightning,HockeyTeam
DallasStars,HockeyTeam
PredsNHL,HockeyTeam
LAKings,HockeyTeam
NYIslanders,HockeyTeam
SanJoseSharks,HockeyTeam
BlueJacketsNHL,HockeyTeam
BuffaloSabres,HockeyTeam
MapleLeafs,HockeyTeam
ArizonaCoyotes,HockeyTeam
FlaPanthers,HockeyTeam
CanadiensMTL,HockeyTeam
EdmontonOilers,HockeyTeam
Canucks,HockeyTeam
NHLFlames,HockeyTeam
NHLJets,HockeyTeam
Senators,HockeyTeam
griffinshockey,HockeyTeam
monstershockey,HockeyTeam
CheckersHockey,HockeyTeam
AmerksHockey,HockeyTeam
mkeadmirals,HockeyTeam
goicehogs,HockeyTeam
IAWild,HockeyTeam
UticaComets,HockeyTeam
ToledoWalleye,HockeyTeam
TexasStars,HockeyTeam
SDGullsAHL,HockeyTeam
SyracuseCrunch,HockeyTeam
FWKomets,HockeyTeam
CincyCyclones,HockeyTeam
ava,MovieDirector
RealGDT,MovieDirector
MatthewACherry,MovieDirector
dave_filoni,MovieDirector
PattyJenks,MovieDirector
BillyCorben,MovieDirector
flanaganfilm,MovieDirector
JimCameron,MovieDirector
ManMadeMoon,MovieDirector
fwong,MovieDirector
JamesCullenB,MovieDirector
ToscaMusk,MovieDirector
jimmycthatsme,MovieDirector
AnnaAkana,MovieDirector
AmiHorowitz,MovieDirector
mang0ld,MovieDirector
ponysmasher,MovieDirector
thumbelulu,MovieDirector
jonmchu,MovieDirector
josef_fares,MovieDirector
GPBmadeit,MovieDirector
pramsey342,MovieDirector
johncampea,MovieDirector
VogtRoberts,MovieDirector
colintrevorrow,MovieDirector
johnaugust,MovieDirector
lloydkaufman,MovieDirector
BilgeEbiri,MovieDirector
robertgreenwald,MovieDirector
JSim07,MovieDirector
NeilBreen,MovieDirector
twisted_twins,MovieDirector
Lilfilm,MovieDirector
vivekagnihotri,MovieDirector
Cassie_Jaye,MovieDirector
ssrajamouli,MovieDirector
PhilTippett,MovieDirector
missannabiller,MovieDirector
SportsCenter,TelevisionShow
MaddowBlog,TelevisionShow
nbcsnl,TelevisionShow
Stranger_Things,TelevisionShow
FallonTonight,TelevisionShow
Morning_Joe,TelevisionShow
NewsHour,TelevisionShow
GMA,TelevisionShow
60Minutes,TelevisionShow
SouthPark,TelevisionShow
NBCNightlyNews,TelevisionShow
foxandfriends,TelevisionShow
SpongeBob,TelevisionShow
ABCWorldNews,TelevisionShow
SNFonNBC,TelevisionShow
etnow,TelevisionShow
AHSFX,TelevisionShow
SpiderMan,FictionalCharacter
CriticalRole,TelevisionShow
strangerwriters,TelevisionShow
Jeopardy,TelevisionShow
sesamestreet,TelevisionShow
truTVjokers,TelevisionShow
AMCTalkingDead,TelevisionShow
bbcdoctorwho,TelevisionShow
TheMindyProject,TelevisionShow
BreakingBad,TelevisionShow
MikeTrout,BaseballPlayer
gehrig38,BaseballPlayer
TheJudge44,BaseballPlayer
davidortiz,BaseballPlayer
JoeyBats19,BaseballPlayer
BauerOutage,BaseballPlayer
AROD,BaseballPlayer
JustinVerlander,BaseballPlayer
Noahsyndergaard,BaseballPlayer
ARizzo44,BaseballPlayer
TheCUTCH22,BaseballPlayer
ErvinSantana_54,BaseballPlayer
RealCJ10,BaseballPlayer
CC_Sabathia,BaseballPlayer
mookiebetts,BaseballPlayer
whatwouldDOOdo,BaseballPlayer
DidiG18,BaseballPlayer
KrisBryant_23,BaseballPlayer
IamTrevorMay,BaseballPlayer
STR0,BaseballPlayer
Max_Scherzer,BaseballPlayer
javy23baez,BaseballPlayer
FreddieFreeman5,BaseballPlayer
kschwarb12,BaseballPlayer
Lindor12BC,BaseballPlayer
yungjoc650,BaseballPlayer
PJHughes45,BaseballPlayer
TorresGleyber,BaseballPlayer
NickSwisher,BaseballPlayer
JLester34,BaseballPlayer
dcone36,BaseballPlayer
cgrand3,BaseballPlayer
ClaytonKersh22,BaseballPlayer
BringerOfRain20,BaseballPlayer
BMcCarthy32,BaseballPlayer
ChristianYelich,BaseballPlayer
AaronBoone,BaseballPlayer
hunterpence,BaseballPlayer
RobinsonCano,BaseballPlayer
ElGarySanchez,BaseballPlayer
TheRealStanLee,ComicsCreator
horikoshiko,ComicsCreator
RobertKirkman,ComicsCreator
tomtomorrow,ComicsCreator
Todd_McFarlane,ComicsCreator
xkcd,ComicsCreator
stjepansejic,ComicsCreator
AnnTelnaes,ComicsCreator
beatonna,ComicsCreator
BRIANMBENDIS,ComicsCreator
MattBors,ComicsCreator
artofmmignola,ComicsCreator
Iron_Spike,ComicsCreator
DanSlott,ComicsCreator
kellysue,ComicsCreator
warrenellis,ComicsCreator
laloalcaraz,ComicsCreator
MarkWaid,ComicsCreator
zdarsky,ComicsCreator
robertliefeld,ComicsCreator
KurtBusiek,ComicsCreator
kateleth,ComicsCreator
EthanVanSciver,ComicsCreator
f_francavilla,ComicsCreator
jephjacques,ComicsCreator
jasonaaron,ComicsCreator
grantmorrison,ComicsCreator
Philjimeneznyc,ComicsCreator
JeffLemire,ComicsCreator
scottmccloud,ComicsCreator
WalterSimonson,ComicsCreator
skottieyoung,ComicsCreator
JamesTheFourth,ComicsCreator
LucyKnisley,ComicsCreator
brooklynmuseum,Museum
NYHistory,Museum
walkerartcenter,Museum
NYBG,Place
MuseeOrsay,Museum
hammer_museum,Museum
gardnermuseum,Museum
QueensMuseum,Museum
DenverArtMuseum,Museum
saatchi_gallery,Museum
exploratorium,Museum
CreationMuseum,Museum
AshmoleanMuseum,Museum
I_W_M,Museum
NavySEALMuseum,Museum
AnthologyFilm,Museum
AdlerPlanet,Museum
AdlerPlanet,Place
rijksmuseum,Museum
BuildingMuseum,Museum
MITMuseum,Museum
MutterMuseum,Museum
PDXArtMuseum,Museum
ExploreWellcome,Museum
IntrepidMuseum,Museum
NavalMuseum,Museum
_TheWhitechapel,Museum
museodelprado,Museum
MilwaukeeArt,Museum
CIA,GovernmentAgency
NHC_Atlantic,GovernmentAgency
NWS,GovernmentAgency
USPS,GovernmentAgency
NASAJPL,GovernmentAgency
NSAGov,GovernmentAgency
NatlParkService,GovernmentAgency
NASAKennedy,GovernmentAgency
fema,GovernmentAgency
EPA,GovernmentAgency
USGS,GovernmentAgency
NWSSPC,GovernmentAgency
NASAGoddard,GovernmentAgency
NSF,GovernmentAgency
NWSNHC,GovernmentAgency
wmata,GovernmentAgency
DefenseIntel,GovernmentAgency
NWSWPC,GovernmentAgency
FCC,GovernmentAgency
IRSnews,GovernmentAgency
SBAgov,GovernmentAgency
NASA_Marshall,GovernmentAgency
USPSHelp,GovernmentAgency
FAANews,GovernmentAgency
DARPA,GovernmentAgency
NASA_Wallops,GovernmentAgency
NWSNewYorkNY,GovernmentAgency
forestservice,GovernmentAgency
uscensusbureau,GovernmentAgency
PeaceCorps,GovernmentAgency
NASA_Langley,GovernmentAgency
CFPB,GovernmentAgency
SocialSecurity,GovernmentAgency
noaaocean,GovernmentAgency
USCBO,GovernmentAgency
NTSB,GovernmentAgency
NWSBayArea,GovernmentAgency
FEC,GovernmentAgency
KingJames,BasketballPlayer
KingJames,Athlete
KDTrey5,BasketballPlayer
KDTrey5,Athlete
SHAQ,BasketballPlayer
SHAQ,Athlete
RexChapman,BasketballPlayer
RexChapman,Athlete
StephenCurry30,BasketballPlayer
StephenCurry30,Athlete
DwyaneWade,BasketballPlayer
DwyaneWade,Athlete
MagicJohnson,BasketballPlayer
MagicJohnson,Athlete
russwest44,BasketballPlayer
russwest44,Athlete
CP3,BasketballPlayer
CP3,Athlete
KyrieIrving,BasketballPlayer
KyrieIrving,Athlete
Dame_Lillard,BasketballPlayer
Dame_Lillard,Athlete
Giannis_An34,BasketballPlayer
Giannis_An34,Athlete
blakegriffin23,BasketballPlayer
blakegriffin23,Athlete
Money23Green,BasketballPlayer
Money23Green,Athlete
JayBilas,BasketballPlayer
JalenRose,BasketballPlayer
SteveKerr,BasketballPlayer
DwightHoward,BasketballPlayer
spidadmitchell,BasketballPlayer
luka7doncic,BasketballPlayer
kaj33,BasketballPlayer
AntDavis23,BasketballPlayer
TheTraeYoung,BasketballPlayer
swish41,BasketballPlayer
jaytatum0,BasketballPlayer
KlayThompson,BasketballPlayer
Yg_Trece,BasketballPlayer
alleniverson,BasketballPlayer
DevinBook,BasketballPlayer
kevinlove,BasketballPlayer
JohnWall,BasketballPlayer
kylekuzma,BasketballPlayer
JCrossover,BasketballPlayer
TheJetOnTNT,BasketballPlayer
SteveNash,BasketballPlayer
drose,BasketballPlayer
chrisbosh,BasketballPlayer
boogiecousins,BasketballPlayer
JimmyButler,BasketballPlayer
CaptMarkKelly,Astronaut
TheRealBuzz,Astronaut
Cmdr_Hadfield,Astronaut
Astro_Christina,Astronaut
Astro_Jessica,Astronaut
AstroSamantha,Astronaut
Astro_Alex,Astronaut
maejemison,Astronaut
AstroPeggy,Astronaut
Thom_astro,Astronaut
Astro_Soichi,Astronaut
astro_kimbrough,Astronaut
Astro_Cady,Astronaut
astro_luca,Astronaut
Astro_Nicole,Astronaut
AstroRM,Astronaut
AstroHague,Astronaut
AstroKomrade,Astronaut
Astro_Sandy,Astronaut
astro_tim,Astronaut
astro_g_dogg,Astronaut
Astro_Kate7,Astronaut
Astro_DavidS,Astronaut
AstroMarshburn,Astronaut
Astro_Suni,Astronaut
Astro_Clay,Astronaut
CommanderMLA,Astronaut
Astro_TJ,Astronaut
AstroIronMike,Astronaut
astro_paolo,Astronaut
Astro_Andreas,Astronaut
astro_Pettit,Astronaut
Astro_Wakata,Astronaut
OlegMKS,Astronaut
Astro_Bones,Astronaut
astro_andre,Astronaut
Astro_Naoko,Astronaut
Astro_Satoshi,Astronaut
Astro_Kimiya,Astronaut
CSiriano,FashionDesigner
CSiriano,Fashion
marcjacobs,FashionDesigner
marcjacobs,Fashion
themarcjacobs,FashionDesigner
themarcjacobs,Fashion
Zac_Posen,FashionDesigner
Zac_Posen,Fashion
IsaacMizrahi,FashionDesigner
IsaacMizrahi,Fashion
ITSJEREMYSCOTT,FashionDesigner
ITSJEREMYSCOTT,Fashion
JasonWu,FashionDesigner
JasonWu,Fashion
FollowWestwood,FashionDesigner
FollowWestwood,Fashion
HouseofHerrera,FashionDesigner
HouseofHerrera,Fashion
johnvarvatos,FashionDesigner
johnvarvatos,Fashion
rachelantonoff,FashionDesigner
rachelantonoff,Fashion
giuseppezanotti,FashionDesigner
giuseppezanotti,Fashion
marcecko,FashionDesigner
marcecko,Fashion
DerekLamNYC,FashionDesigner
DerekLamNYC,Fashion
Karen_Kane,FashionDesigner
Karen_Kane,Fashion
ZMURADofficial,FashionDesigner
ZMURADofficial,Fashion
nanettelepore,FashionDesigner
nanettelepore,Fashion
narcisostudio,FashionDesigner
narcisostudio,Fashion
michaelbastian,FashionDesigner
michaelbastian,Fashion
TamaraMellon,FashionDesigner
TamaraMellon,Fashion
GalaGonzalez,FashionDesigner
GalaGonzalez,Fashion
AustraliaZoo,Place
sandiegozoo,Place
cedarpoint,Place
BronxZoo,Place
LasVegasSun,Place
trulia,Place
Dollywood,Place
KingsIslandPR,Place
Hersheypark,Place
mtamaryland,Place
stlzoo,Place
phillyzoo,Place
EH_Stonehenge,Place
Carowinds,Place
LAZoo,Place
pike_place,Place
sfzoo,Place
HolidayWorld,Place
McDonalds,Restaurant
ChickfilA,Restaurant
ChipotleTweets,Restaurant
kfc,Restaurant
Whataburger,Restaurant
DairyQueen,Restaurant
BWWings,Restaurant
Applebees,Restaurant
sonicdrivein,Restaurant
DennysDiner,Restaurant
Chilis,Restaurant
SteaknShake,Restaurant
JackBox,Restaurant
CrackerBarrel,Restaurant
TGIFridays,Restaurant
Hooters,Restaurant
WhiteCastle,Restaurant
texasroadhouse,Restaurant
Zaxbys,Restaurant
Wahlburgers,Restaurant
LongHornSteaks,Restaurant
CarlsJr,Restaurant
PFChangs,Restaurant
FirehouseSubs,Restaurant
McDonaldsCorp,Restaurant
noodlescompany,Restaurant
qdoba,Restaurant
DelTaco,Restaurant
rubytuesday,Restaurant
Potbelly,Restaurant
bjsrestaurants,Restaurant
wienerschnitzel,Restaurant
Mortons,Restaurant
Carrabbas,Restaurant
JohnnyRockets,Restaurant
McDonaldsCanada,Restaurant
bucadibeppo,Restaurant
BobEvansFarms,Restaurant
_TFL_,Restaurant
MellowMushroom,Restaurant
rollcall,Newspaper
nytimesworld,Newspaper
WashTimes,Newspaper
nytimesarts,Newspaper
chicagotribune,Newspaper
KyivPost,Newspaper
MiamiHerald,Newspaper
educationweek,Newspaper
Jerusalem_Post,Newspaper
thetimes,Newspaper
dallasnews,Newspaper
freep,Newspaper
HoustonChron,Newspaper
haaretzcom,Newspaper
azcentral,Newspaper
sfchronicle,Newspaper
GuardianBooks,Newspaper
PhillyInquirer,Newspaper
seattletimes,Newspaper
serenawilliams,TennisPlayer
serenawilliams,Athlete
naomiosaka,TennisPlayer
naomiosaka,Athlete
Martina,TennisPlayer
rogerfederer,TennisPlayer
Venuseswilliams,TennisPlayer
RafaelNadal,TennisPlayer
ChrissieEvert,TennisPlayer
andyroddick,TennisPlayer
andy_murray,TennisPlayer
SloaneStephens,TennisPlayer
CaroWozniacki,TennisPlayer
geniebouchard,TennisPlayer
NickKyrgios,TennisPlayer
AndreAgassi,TennisPlayer
FTiafoe,TennisPlayer
vika7,TennisPlayer
stanwawrinka,TennisPlayer
Madison_Keys,TennisPlayer
bgtennisnation,TennisPlayer
Petra_Kvitova,TennisPlayer
delpotrojuan,TennisPlayer
Gael_Monfils,TennisPlayer
DaniilMedwed,TennisPlayer
JohnIsner,TennisPlayer
Simona_Halep,TennisPlayer
AngeliqueKerber,TennisPlayer
ElinaSvitolina,TennisPlayer
Clijsterskim,TennisPlayer
MardyFish,TennisPlayer
GarbiMuguruza,TennisPlayer
felixtennis,TennisPlayer
KaPliskova,TennisPlayer
GrigorDimitrov,TennisPlayer
ashbarty,TennisPlayer
LDavenport76,TennisPlayer
sabinelisicki,TennisPlayer
AnisimovaAmanda,TennisPlayer
denis_shapo,TennisPlayer
BelindaBencic,TennisPlayer
keinishikori,TennisPlayer
LancomeUSA,Fashion
thehundreds,Fashion
MLG,SportsLeague
EVO,SportsEvent
WBCBaseball,SportsLeague
LPGA,SportsLeague
wsl,SportsLeague
PBR,SportsLeague
StreetLeague,SportsLeague
ChampionsTour,SportsLeague
IPL,SportsLeague
Xpecial,SportsLeague
Froggen,SportsLeague
NLL,SportsLeague
Cristiano,SoccerPlayer
Cristiano,Athlete
mPinoe,SoccerPlayer
mPinoe,Athlete
alexmorgan13,SoccerPlayer
alexmorgan13,Athlete
neymarjr,SoccerPlayer
hopesolo,SoccerPlayer
CarliLloyd,SoccerPlayer
Ibra_official,SoccerPlayer
cpulisic_10,SoccerPlayer
TimHowardGK,SoccerPlayer
alikrieger,SoccerPlayer
sydneyleroux,SoccerPlayer
paulpogba,SoccerPlayer
GaryLineker,SoccerPlayer
clint_dempsey,SoccerPlayer
KMbappe,SoccerPlayer
GarethBale11,SoccerPlayer
MoSalah,SoccerPlayer
roselavelle,SoccerPlayer
kelleymohara,SoccerPlayer
Benzema,SoccerPlayer
julieertz,SoccerPlayer
ChristenPress,SoccerPlayer
AlexiLalas,SoccerPlayer
SergioRamos,SoccerPlayer
TobinHeath,SoccerPlayer
10Ronaldinho,SoccerPlayer
LuisSuarez9,SoccerPlayer
3gerardpique,SoccerPlayer
KAKA,SoccerPlayer
hazardeden10,SoccerPlayer
JozyAltidore,SoccerPlayer
Ashlyn_Harris,SoccerPlayer
jamesdrodriguez,SoccerPlayer
ToniKroos,SoccerPlayer
wbpictures,Film
AnOpenSecret,Film
NFLFilms,Film
paddingtonbear,Film
Skydance,Film
sense8,Film
toystory,Film
WhatTedSaid,Film
StarTrekMovie,Film
Divergent,Film
DisneyZootopia,Film
DisneyFrozen,Film
MovieTickets,Film
CartoonSaloon,Film
findingdory,Film
bladerunner,Film
HiddenFigures,Film
thehatefuleight,Film
TheDemonHouse,Film
LaLaLand,Film
sausage_party,Film
PeanutsMovie,Film
Cowspiracy,Film
MidsommarMovie,Film
IngrahamAngle,TelevisionHost
LouDobbs,TelevisionHost
CariChampion,TelevisionHost
HuntsmanAbby,TelevisionHost
GuyAdami,TelevisionHost
AdamRichman,TelevisionHost
ClaytonMorris,TelevisionHost
melrobbins,TelevisionHost
patkiernan,TelevisionHost
GioBenitez,TelevisionHost
CakeBossBuddy,TelevisionHost
nicolecurtis,TelevisionHost
mattgutmanABC,TelevisionHost
KacieMcDonnell,TelevisionHost
ziyatong,TelevisionHost
typennington,TelevisionHost
jennyhutt,TelevisionHost
shugairi,TelevisionHost
cuervotinelli,TelevisionHost
GinoRedaTSN,TelevisionHost
marcosmion,TelevisionHost
GailVazOxlade,TelevisionHost
DinaPugliese,TelevisionHost
VenenoSandoval,TelevisionHost
RetailProphet,TelevisionHost
sixers,BasketballTeam
sixers,SportsTeam
BrooklynNets,BasketballTeam
Bucks,BasketballTeam
HoustonRockets,BasketballTeam
dallasmavs,BasketballTeam
Suns,BasketballTeam
WashWizards,BasketballTeam
memgrizz,BasketballTeam
LAClippers,BasketballTeam
trailblazers,BasketballTeam
ATLHawks,BasketballTeam
PelicansNBA,BasketballTeam
DetroitPistons,BasketballTeam
nuggets,BasketballTeam
hornets,BasketballTeam
Pacers,BasketballTeam
SacramentoKings,BasketballTeam
utahjazz,BasketballTeam
Raptors,BasketballTeam
OrlandoMagic,BasketballTeam
WashMystics,BasketballTeam
LVAces,BasketballTeam
nyliberty,BasketballTeam
seattlestorm,BasketballTeam
WarriorsPR,BasketballTeam
PhoenixMercury,BasketballTeam
AtlantaDream,BasketballTeam
Globies,BasketballTeam
ConnecticutSun,BasketballTeam
IndianaFever,BasketballTeam
DallasWings,BasketballTeam
blue_coats,BasketballTeam
GLeagueWarriors,BasketballTeam
iawolves,BasketballTeam
nyjets,AmericanFootballTeam
nyjets,SportsTeam
AtlantaFalcons,AmericanFootballTeam
AtlantaFalcons,SportsTeam
RamsNFL,AmericanFootballTeam
RamsNFL,SportsTeam
Lions,AmericanFootballTeam
Lions,SportsTeam
MiamiDolphins,AmericanFootballTeam
Titans,AmericanFootballTeam
Colts,AmericanFootballTeam
AZCardinals,AmericanFootballTeam
Jaguars,AmericanFootballTeam
JaguarsUK,AmericanFootballTeam
lancearmstrong,Cyclist
chrisfroome,Cyclist
MarkCavendish,Cyclist
petosagan,Cyclist
thejensie,Cyclist
GeraintThomas86,Cyclist
taylorphinney,Cyclist
LeviLeipheimer,Cyclist
f_cancellara,Cyclist
hornerakg,Cyclist
PaulSherwen,Cyclist
WoutvanAert,Cyclist
albertocontador,Cyclist
marcelkittel,Cyclist
mcewenrobbie,Cyclist
Eganbernal,Cyclist
AndreGreipel,Cyclist
mathieuvdpoel,Cyclist
NairoQuinCo,Cyclist
schleckfrank,Cyclist
alejanvalverde,Cyclist
AvVleuten,Cyclist
richie_porte,Cyclist
PhilippeGilbert,Cyclist
Mark_Renshaw,Cyclist
kwiato,Cyclist
andrewtalansky,Cyclist
marianne_vos,Cyclist
chrishoy,Cyclist
UranRigoberto,Cyclist
GregVanAvermaet,Cyclist
JoeDombro,Cyclist
ryder_hesjedal,Cyclist
alexdowsett,Cyclist
tom_dumoulin,Cyclist
nicholasroche,Cyclist
LukeRowe1990,Cyclist
tomboonen1,Cyclist
BaukeMollema,Cyclist
SuperBowl,SocietalEvent
SuperBowl,SportsEvent
SuperBowl,Game
StewartHaasRcng,Automobile
JRMotorsports,Automobile
JoeGibbsRacing,Automobile
Erik_Jones,Automobile
KauligRacing,Automobile
DavidRagan,Automobile
Team_FRM,Automobile
GMSRacingLLC,Automobile
IGN,VideoGame
IGN,Game
FortniteGame,VideoGame
FortniteGame,Game
GameStop,VideoGame
GameStop,Game
FanDuel,Game
RavenSoftware,VideoGame
RavenSoftware,Game
LifeIsStrange,VideoGame
LifeIsStrange,Game
SplatoonJP,VideoGame
SplatoonJP,Game
CAH,Game
VRChat,VideoGame
VRChat,Game
remedygames,VideoGame
remedygames,Game
FateGO_USA,VideoGame
FateGO_USA,Game
DragonQuest,VideoGame
DragonQuest,Game
CFAPeachBowl,Game
ClashRoyale,VideoGame
ClashRoyale,Game
ooblets,VideoGame
ooblets,Game
rage,VideoGame
rage,Game
OldSchoolRS,VideoGame
OldSchoolRS,Game
TFT,VideoGame
TFT,Game
DOTA2,VideoGame
DOTA2,Game
DarkestDungeon,VideoGame
DarkestDungeon,Game
trekonlinegame,VideoGame
trekonlinegame,Game
peeweeherman,FictionalCharacter
MeCookieMonster,FictionalCharacter
elmo,FictionalCharacter
CountVonCount,FictionalCharacter
FozzieBear,FictionalCharacter
MirandaSings,FictionalCharacter
HomerJSimpson,FictionalCharacter
Hulk,FictionalCharacter
Pusheen,FictionalCharacter
ChesterCheetah,FictionalCharacter
JonathanPieNews,FictionalCharacter
DCWonderWoman,FictionalCharacter
Barbie,FictionalCharacter
aichan_nel,FictionalCharacter
AbbyCadabbySST,FictionalCharacter
SirPurr,FictionalCharacter
GeoffTheRobot,FictionalCharacter
PatPatriot,FictionalCharacter
BikiniBtm_Sandy,FictionalCharacter
GoldytheGopher,FictionalCharacter
DameEdnaEverage,FictionalCharacter
lemontwittor,FictionalCharacter
55_kumamon,FictionalCharacter
BuffaloBills,SportsTeam
VansWarpedTour,SocietalEvent
EDC_LasVegas,SocietalEvent
Bonnaroo,SocietalEvent
afropunk,SocietalEvent
essencefest,SocietalEvent
HowardU,University
medialab,University
OhioState,University
ASU,University
akasorority1908,University
WrestleMania,SportsEvent
XGames,SportsEvent
LeTour,SportsEvent
Paralympics,SportsEvent
WWNSHINE,SportsEvent
DewTour,SportsEvent
ausgrandprix,SportsEvent
LondonMarathon,SportsEvent
MichaelPhelps,Swimmer
katieledecky,Swimmer
missyfranklin,Swimmer
Nathangadrian,Swimmer
DaraTorres,Swimmer
NatalieCoughlin,Swimmer
RowdyGaines,Swimmer
CullenJones,Swimmer
arschmitty,Swimmer
danavollmer,Swimmer
MayaDiRado,Swimmer
amyvandyken,Swimmer
AmandaRayBeard,Swimmer
RickyBerens,Swimmer
MattGrevers,Swimmer
swimhardy,Swimmer
janetevans,Swimmer
TylerClary,Swimmer
OleksiakPenny,Swimmer
JasonLezak,Swimmer
IanThorpe,Swimmer
GWeberGale,Swimmer
BeckAdlington,Swimmer
rebsoni,Swimmer
conorjdwyer,Swimmer
caelebdressel,Swimmer
ZachBoychuk,IceHockeyPlayer
ZachBoychuk,WinterSportPlayer
BizNasty2point0,IceHockeyPlayer
BizNasty2point0,WinterSportPlayer
ovi8,IceHockeyPlayer
ovi8,WinterSportPlayer
KevinWeekes,IceHockeyPlayer
Bmarch63,IceHockeyPlayer
Bmarch63,WinterSportPlayer
28CGiroux,IceHockeyPlayer
28CGiroux,WinterSportPlayer
strombone1,IceHockeyPlayer
strombone1,WinterSportPlayer
RobinLehner,IceHockeyPlayer
RobinLehner,WinterSportPlayer
68Jagr,IceHockeyPlayer
68Jagr,WinterSportPlayer
RealStamkos91,IceHockeyPlayer
RealStamkos91,WinterSportPlayer
cmcdavid97,IceHockeyPlayer
cmcdavid97,WinterSportPlayer
emalkin71geno,IceHockeyPlayer
emalkin71geno,WinterSportPlayer
JonathanToews,IceHockeyPlayer
JonathanToews,WinterSportPlayer
pastrnak96,IceHockeyPlayer
pastrnak96,WinterSportPlayer
hallsy09,IceHockeyPlayer
hallsy09,WinterSportPlayer
Simmonds17,IceHockeyPlayer
Simmonds17,WinterSportPlayer
RealKyper,IceHockeyPlayer
RealKyper,WinterSportPlayer
VallysView,IceHockeyPlayer
VallysView,WinterSportPlayer
rayferrarotsn,IceHockeyPlayer
rayferrarotsn,WinterSportPlayer
tseguinofficial,IceHockeyPlayer
tseguinofficial,WinterSportPlayer
9modano,IceHockeyPlayer
9modano,WinterSportPlayer
zuccarello36,IceHockeyPlayer
zuccarello36,WinterSportPlayer
AM34,IceHockeyPlayer
AM34,WinterSportPlayer
Logancouture,IceHockeyPlayer
Logancouture,WinterSportPlayer
ToreyKrug,IceHockeyPlayer
ToreyKrug,WinterSportPlayer
CarlHagelin,IceHockeyPlayer
CarlHagelin,WinterSportPlayer
GabeLandeskog92,IceHockeyPlayer
GabeLandeskog92,WinterSportPlayer
CarBombBoom13,IceHockeyPlayer
CarBombBoom13,WinterSportPlayer
Matt9Duchene,IceHockeyPlayer
Matt9Duchene,WinterSportPlayer
Datsyuk13,IceHockeyPlayer
BriBrows22,IceHockeyPlayer
grabs40,IceHockeyPlayer
JVReemer21,IceHockeyPlayer
Burnzie88,IceHockeyPlayer
shattdeuces,IceHockeyPlayer
MikaZibanejad,IceHockeyPlayer
43_Kadri,IceHockeyPlayer
OconEsteban,FormulaOneRacer
jpmontoya,FormulaOneRacer
AussieGrit,FormulaOneRacer
schumacher,FormulaOneRacer
lance_stroll,FormulaOneRacer
MassaFelipe19,FormulaOneRacer
kvyatofficial,FormulaOneRacer
HillF1,FormulaOneRacer
therealdcf1,FormulaOneRacer
PaulDiResta,FormulaOneRacer
rubarrichello,FormulaOneRacer
emmofittipaldi,FormulaOneRacer
Pastormaldo,FormulaOneRacer
H_Kovalainen,FormulaOneRacer
Prost_official,FormulaOneRacer
FelipeNasr,FormulaOneRacer
realTimoGlock,FormulaOneRacer
BarackObama,Politician
JoeBiden,Politician
AOC,Politician
KamalaHarris,Politician
HillaryClinton,Politician
BernieSanders,Politician
SenSanders,Politician
SpeakerPelosi,Politician
ewarren,Politician
SenWarren,Politician
staceyabrams,Politician
PeteButtigieg,Politician
POTUS44,Politician
BetoORourke,Politician
tedlieu,Politician
SenSchumer,Politician
BillClinton,Politician
RepSwalwell,Politician
GovRonDeSantis,Politician
RandPaul,Politician
CoryBooker,Politician
tedcruz,Politician
amyklobuchar,Politician
ossoff,Politician
jrpsaki,Politician
RepMaxineWaters,Politician
alfranken,Politician
JohnFetterman,Politician
harrisonjaime,Politician
SenTedCruz,Politician
RepRaskin,Politician
mattgaetz,Politician
drpepper,Beverage
naturallight,Beverage
JagermeisterUSA,Beverage
KrakenRum,Beverage
dietpepsi,Beverage
GrandMarnierUSA,Beverage
JustinWolfers,Economist
StephanieKelton,Economist
Nouriel,Economist
tylercowen,Economist
MaxCRoser,Economist
DeanBaker13,Economist
ATabarrok,Economist
BrankoMilan,Economist
PikettyLeMonde,Economist
bill_easterly,Economist
JeffDSachs,Economist
rodrikdani,Economist
jenniferdoleac,Economist
MazzucatoM,Economist
ProfSteveKeen,Economist
KateRaworth,Economist
MarkThoma,Economist
MichaelEPorter,Economist
AnnPettifor,Economist
MarkWeisbrot,Economist
ricardo_hausman,Economist
Yunus_Centre,Economist
HyunSongShin,Economist
JohnCena,Wrestler
TripleH,Wrestler
RondaRousey,Wrestler
IAmJericho,Wrestler
BeckyLynchWWE,Wrestler
CMPunk,Wrestler
RandyOrton,Wrestler
SashaBanksWWE,Wrestler
AlexaBliss_WWE,Wrestler
RicFlairNatrBoy,Wrestler
WWERollins,Wrestler
WWERomanReigns,Wrestler
CodyRhodes,Wrestler
ShawnMichaels,Wrestler
FightOwensFight,Wrestler
mikethemiz,Wrestler
FinnBalor,Wrestler
NatbyNature,Wrestler
MATTHARDYBRAND,Wrestler
TrueKofi,Wrestler
RheaRipley_WWE,Wrestler
RealKevinNash,Wrestler
KennyOmegamanX,Wrestler
HEELZiggler,Wrestler
RealKurtAngle,Wrestler
trishstratuscom,Wrestler
WWE_MandyRose,Wrestler
The_MJF,Wrestler
JEFFHARDYBRAND,Wrestler
BiancaBelairWWE,Wrestler
RealBrittBaker,Wrestler
JonMoxley,Wrestler
WWESheamus,Wrestler
JerryLawler,Wrestler
DMcIntyreWWE,Wrestler
reymysterio,Wrestler
RealKingRegal,Wrestler
BW,Magazine
FastCompany,Magazine
TeenVogue,Magazine
shonenjump,Magazine
usweekly,Magazine
ForbesTech,Magazine
GQMagazine,Magazine
mental_floss,Magazine
playbill,Magazine
PublishersWkly,Magazine
InStyle,Magazine
FANGORIA,Magazine
HIGH_TIMES_Mag,Magazine
parisreview,Magazine
PsychToday,Magazine
HipHopDX,Magazine
TheSource,Magazine
nprmusic,BroadcastNetwork
TheCW,BroadcastNetwork
NPRHealth,BroadcastNetwork
ESPNRadio,BroadcastNetwork
dwnews,BroadcastNetwork
bbcworldservice,BroadcastNetwork
Univision,BroadcastNetwork
iontv,BroadcastNetwork
bbcmundo,BroadcastNetwork
AntennaTV,BroadcastNetwork
TBN,BroadcastNetwork
bouncetv,BroadcastNetwork
UKSportsNetwork,BroadcastNetwork
radiotopia,BroadcastNetwork
NTANewsNow,BroadcastNetwork
WPR,BroadcastNetwork
AJArabic,BroadcastNetwork
CCTV,BroadcastNetwork
BBCScotland,BroadcastNetwork
dw_espanol,BroadcastNetwork
BalkanInsight,BroadcastNetwork
KET,BroadcastNetwork
thewordnetwork,BroadcastNetwork
MPBOnline,BroadcastNetwork
ABSCBN,BroadcastNetwork
dublab,BroadcastNetwork
chrissyteigen,Model
KendallJenner,Model
PadmaLakshmi,Model
DaRealAmberRose,Model
mayemusk,Model
Caradelevingne,Model
KateUpton,Model
heidiklum,Model
emrata,Model
NyleDiMarco,Model
LindseyPelas,Model
cocosworld,Model
4lisaguerrero,Model
bellahadid,Model
OfficialKimora,Model
giseleofficial,Model
MirandaKerr,Model
AdrianaLima,Model
YayaHan,Model
NaomiCampbell,Model
CindyCrawford,Model
BrooklynDecker,Model
MelanieIglesias,Model
AngelAlessandra,Model
CassieSuper,Model
EvaMarcille,Model
angelcandice,Model
stefania_model,Model
EboneeDavis,Model
LilyAldridge,Model
MissMelyssaFord,Model
cocorocha,Model
harinef,Model
BarRefaeli,Model
winnieharlow,Model
JosephinSkriver,Model
ochocinco,AmericanFootballPlayer
RobertDowneyJr,Actor
tomhanks,Actor
ChrisEvans,Actor
JimCarrey,Actor
Sethrogen,Actor
MarkRuffalo,Actor
prattprattpratt,Actor
SirPatStew,Actor
scrowder,Actor
perlmutations,Actor
w_terrence,Actor
AnnaKendrick47,Actor
chrishemsworth,Actor
levarburton,Actor
TomHolland1996,Actor
JordanPeele,Actor
SteveCarell,Actor
kumailn,Actor
JohnCleese,Actor
kirstiealley,Actor
JLo,Actor
RealRonHoward,Actor
johnkrasinski,Actor
PattyArquette,Actor
McConaughey,Actor
rainnwilson,Actor
jonvoight,Actor
IanMcKellen,Actor
JohnBoyega,Actor
IssaRae,Actor
kerrywashington,Actor
DebraMessing,Actor
brielarson,Actor
SiriouslySusan,Actor
RealDeanCain,Actor
colesprouse,Actor
KristySwansonXO,Actor
KristenBell,Actor
wilw,Actor
Simone_Biles,Athlete
TigerWoods,Athlete
TigerWoods,GolfPlayer
itskerrii,Athlete
JoelEmbiid,Athlete
JordanSpieth,GolfPlayer
bubbawatson,GolfPlayer
RickieFowler,GolfPlayer
BKoepka,GolfPlayer
JustinThomas34,GolfPlayer
maxhoma23,GolfPlayer
DJohnsonPGA,GolfPlayer
jacknicklaus,GolfPlayer
b_dechambeau,GolfPlayer
JDayGolf,GolfPlayer
IanJamesPoulter,GolfPlayer
TheSergioGarcia,GolfPlayer
JustinRose99,GolfPlayer
NickFaldo006,GolfPlayer
tonyfinaugolf,GolfPlayer
K_Kisner,GolfPlayer
JonRahmpga,GolfPlayer
Keegan_Bradley,GolfPlayer
WestwoodLee,GolfPlayer
Graeme_McDowell,GolfPlayer
LukeDonald,GolfPlayer
natalie_gulbis,GolfPlayer
ThePCreamer,GolfPlayer
BrandtSnedeker,GolfPlayer
XSchauffele,GolfPlayer
HV3_Golf,GolfPlayer
BillyHo_Golf,GolfPlayer
henrikstenson,GolfPlayer
stewartcink,GolfPlayer
Love3d,GolfPlayer
NellyKorda,GolfPlayer
SharkGregNorman,GolfPlayer
Thejessicakorda,GolfPlayer
GaryWoodland,GolfPlayer
MattFitz94,GolfPlayer
PepperellEddie,GolfPlayer
matthew_wolff5,GolfPlayer
stevestricker,GolfPlayer
Louis57TM,GolfPlayer
dusttodigital,RecordLabel
Dreamville,RecordLabel
Interscope,RecordLabel
ColumbiaRecords,RecordLabel
AtlanticRecords,RecordLabel
UMG,RecordLabel
warnermusic,RecordLabel
RCARecords,RecordLabel
Epic_Records,RecordLabel
Monstercat,RecordLabel
MaybachMusic,RecordLabel
IslandRecords,RecordLabel
jypnation,RecordLabel
FearlessRecords,RecordLabel
ShadyRecords,RecordLabel
DisneyMusic,RecordLabel
MetalBlade,RecordLabel
RepublicRecords,RecordLabel
subpop,RecordLabel
epitaphrecords,RecordLabel
hopelessrecords,RecordLabel
matadorrecords,RecordLabel
StrangeMusicInc,RecordLabel
SpinninRecords,RecordLabel
mergerecords,RecordLabel
BTS_twt,Band
coldplay,Band
bts_bighit,Band
foofighters,Band
onedirection,Band
maroon5,Band
Metallica,Band
thebeatles,Band
RollingStones,Band
linkinpark,Band
paramore,Band
GreenDay,Band
twentyonepilots,Band
PearlJam,Band
Imaginedragons,Band
falloutboy,Band
ninjasexparty,Band
jonasbrothers,Band
ChiliPeppers,Band
WuTangClan,Band
Aerosmith,Band
LittleMix,Band
BonJovi,Band
FLAGALine,Band
thekillers,Band
gorillaz,Band
zacbrownband,Band
BTS_jp_official,Band
radiohead,Band
Stray_Kids,Band
FiveTimesAugust,Band
